-- MySQL dump 10.13  Distrib 5.5.46, for debian-linux-gnu (x86_64)
--
-- Host: localhost    Database: StorageDB
-- ------------------------------------------------------
-- Server version	5.5.46-0ubuntu0.14.04.2

/*!40101 SET @OLD_CHARACTER_SET_CLIENT=@@CHARACTER_SET_CLIENT */;
/*!40101 SET @OLD_CHARACTER_SET_RESULTS=@@CHARACTER_SET_RESULTS */;
/*!40101 SET @OLD_COLLATION_CONNECTION=@@COLLATION_CONNECTION */;
/*!40101 SET NAMES utf8 */;
/*!40103 SET @OLD_TIME_ZONE=@@TIME_ZONE */;
/*!40103 SET TIME_ZONE='+00:00' */;
/*!40014 SET @OLD_UNIQUE_CHECKS=@@UNIQUE_CHECKS, UNIQUE_CHECKS=0 */;
/*!40014 SET @OLD_FOREIGN_KEY_CHECKS=@@FOREIGN_KEY_CHECKS, FOREIGN_KEY_CHECKS=0 */;
/*!40101 SET @OLD_SQL_MODE=@@SQL_MODE, SQL_MODE='NO_AUTO_VALUE_ON_ZERO' */;
/*!40111 SET @OLD_SQL_NOTES=@@SQL_NOTES, SQL_NOTES=0 */;

--
-- Table structure for table `StorageS_auto`
--

DROP TABLE IF EXISTS `StorageS_auto`;
/*!40101 SET @saved_cs_client     = @@character_set_client */;
/*!40101 SET character_set_client = utf8 */;
CREATE TABLE `StorageS_auto` (
  `id` int(11) NOT NULL AUTO_INCREMENT,
  `auto_model` varchar(50) NOT NULL,
  `auto_number` varchar(15) NOT NULL,
  `branch_id` int(11) NOT NULL,
  PRIMARY KEY (`id`),
  KEY `StorageS_auto_09fd5b13` (`branch_id`),
  CONSTRAINT `StorageS_auto_branch_id_eb158d4a_fk_StorageS_branch_id` FOREIGN KEY (`branch_id`) REFERENCES `StorageS_branch` (`id`)
) ENGINE=InnoDB AUTO_INCREMENT=61 DEFAULT CHARSET=utf8;
/*!40101 SET character_set_client = @saved_cs_client */;

--
-- Dumping data for table `StorageS_auto`
--

LOCK TABLES `StorageS_auto` WRITE;
/*!40000 ALTER TABLE `StorageS_auto` DISABLE KEYS */;
INSERT INTO `StorageS_auto` VALUES (1,'Ford Transit','у781ое97RUS',1),(2,'Hyundai Porter','в939хв77RUS',1),(3,'Fiat Ducato','н606ра197RUS',1),(4,'Fiat Ducato','м518ну197RUS',1),(5,'Fiat Ducato','н956ке177RUS',1),(6,'Газель Next','т524рр197RUS',1),(7,'Iveco Daily','с681ре77RUS',1),(8,'Iveco Daily','о384ое77RUS',1),(9,'Iveco Daily','с613со197RUS',1),(10,'Fiat Ducato','в892ту97RUS',1),(11,'Газель Next','т914ку177RUS',2),(12,'Hyundai Porter','х594ау197RUS',2),(13,'Iveco Daily','у497не777RUS',2),(14,'Fiat Ducato','с114ху77RUS',2),(15,'Iveco Daily','е522вв777RUS',2),(16,'Iveco Daily','у184но177RUS',2),(17,'Hyundai Porter','е301нк177RUS',2),(18,'Газель Next','в889оу777RUS',2),(19,'Iveco Daily','к076ма197RUS',2),(20,'Fiat Ducato','у946он777RUS',2),(21,'Peugeot Boxer','е989вс177RUS',3),(22,'Газель Next','м799ку177RUS',3),(23,'Газель Next','в733уе197RUS',3),(24,'Hyundai Porter','у210тт177RUS',3),(25,'Fiat Ducato','у540тн77RUS',3),(26,'Peugeot Boxer','в816ек97RUS',3),(27,'Hyundai Porter','н647нх197RUS',3),(28,'Peugeot Boxer','н876ар77RUS',3),(29,'Fiat Ducato','к577хх177RUS',3),(30,'Ford Transit','с273се77RUS',3),(31,'Hyundai Porter','р606тв777RUS',4),(32,'Hyundai Porter','к783ех197RUS',4),(33,'Hyundai Porter','м877тн177RUS',4),(34,'Iveco Daily','у842ву777RUS',4),(35,'Peugeot Boxer','е120са197RUS',4),(36,'Hyundai Porter','у733на97RUS',4),(37,'Fiat Ducato','т526хт197RUS',4),(38,'Iveco Daily','в599ск97RUS',4),(39,'Газель Next','в002мр177RUS',4),(40,'Peugeot Boxer','р190рн777RUS',4),(41,'Fiat Ducato','е064се197RUS',5),(42,'Газель Next','у590то97RUS',5),(43,'Peugeot Boxer','о915ат77RUS',5),(44,'Peugeot Boxer','к519те197RUS',5),(45,'Iveco Daily','н366ек197RUS',5),(46,'Газель Next','в607рв777RUS',5),(47,'Hyundai Porter','а212тх197RUS',5),(48,'Hyundai Porter','т518хр77RUS',5),(49,'Hyundai Porter','а908ру77RUS',5),(50,'Ford Transit','р280ор97RUS',5),(51,'Fiat Ducato','а624ка97RUS',6),(52,'Fiat Ducato','а797ар77RUS',6),(53,'Газель Next','р538мр197RUS',6),(54,'Fiat Ducato','к446кк197RUS',6),(55,'Fiat Ducato','к619еу177RUS',6),(56,'Hyundai Porter','к744св777RUS',6),(57,'Iveco Daily','а499ре197RUS',6),(58,'Peugeot Boxer','у872ам77RUS',6),(59,'Fiat Ducato','в083сн177RUS',6),(60,'Peugeot Boxer','е023кв177RUS',6);
/*!40000 ALTER TABLE `StorageS_auto` ENABLE KEYS */;
UNLOCK TABLES;

--
-- Table structure for table `StorageS_branch`
--

DROP TABLE IF EXISTS `StorageS_branch`;
/*!40101 SET @saved_cs_client     = @@character_set_client */;
/*!40101 SET character_set_client = utf8 */;
CREATE TABLE `StorageS_branch` (
  `id` int(11) NOT NULL AUTO_INCREMENT,
  `branch_address` varchar(100) NOT NULL,
  PRIMARY KEY (`id`)
) ENGINE=InnoDB AUTO_INCREMENT=7 DEFAULT CHARSET=utf8;
/*!40101 SET character_set_client = @saved_cs_client */;

--
-- Dumping data for table `StorageS_branch`
--

LOCK TABLES `StorageS_branch` WRITE;
/*!40000 ALTER TABLE `StorageS_branch` DISABLE KEYS */;
INSERT INTO `StorageS_branch` VALUES (1,'Сумская ул.'),(2,'ул. Ватутина'),(3,'Пятницкая ул.'),(4,'ул. Костякова'),(5,'ул. Хромова'),(6,'ул. Михайлова');
/*!40000 ALTER TABLE `StorageS_branch` ENABLE KEYS */;
UNLOCK TABLES;

--
-- Table structure for table `StorageS_branchproduct`
--

DROP TABLE IF EXISTS `StorageS_branchproduct`;
/*!40101 SET @saved_cs_client     = @@character_set_client */;
/*!40101 SET character_set_client = utf8 */;
CREATE TABLE `StorageS_branchproduct` (
  `id` int(11) NOT NULL AUTO_INCREMENT,
  `product_rest` int(11) NOT NULL,
  `branch_id` int(11) NOT NULL,
  `product_id` int(11) NOT NULL,
  PRIMARY KEY (`id`),
  KEY `StorageS_branchproduct_branch_id_28bb3361_fk_StorageS_branch_id` (`branch_id`),
  KEY `StorageS_branchproduct_9bea82de` (`product_id`),
  CONSTRAINT `StorageS_branchproduct_branch_id_28bb3361_fk_StorageS_branch_id` FOREIGN KEY (`branch_id`) REFERENCES `StorageS_branch` (`id`),
  CONSTRAINT `StorageS_branchproduc_product_id_e71e4e72_fk_StorageS_product_id` FOREIGN KEY (`product_id`) REFERENCES `StorageS_product` (`id`)
) ENGINE=InnoDB AUTO_INCREMENT=685 DEFAULT CHARSET=utf8;
/*!40101 SET character_set_client = @saved_cs_client */;

--
-- Dumping data for table `StorageS_branchproduct`
--

LOCK TABLES `StorageS_branchproduct` WRITE;
/*!40000 ALTER TABLE `StorageS_branchproduct` DISABLE KEYS */;
INSERT INTO `StorageS_branchproduct` VALUES (1,4,1,1),(2,6,1,2),(3,1,1,3),(4,8,1,4),(5,1,1,5),(6,8,1,6),(7,0,1,7),(8,10,1,8),(9,1,1,9),(10,5,1,10),(11,7,1,11),(12,2,1,12),(13,1,1,13),(14,3,1,14),(15,9,1,15),(16,7,1,16),(17,6,1,17),(18,0,1,18),(19,2,1,19),(20,10,1,20),(21,0,1,21),(22,9,1,22),(23,8,1,23),(24,0,1,24),(25,0,1,25),(26,3,1,26),(27,8,1,27),(28,8,1,28),(29,10,1,29),(30,6,1,30),(31,0,1,31),(32,0,1,32),(33,10,1,33),(34,1,1,34),(35,4,1,35),(36,10,1,36),(37,5,1,37),(38,8,1,38),(39,7,1,39),(40,8,1,40),(41,5,1,41),(42,10,1,42),(43,4,1,43),(44,4,1,44),(45,2,1,45),(46,7,1,46),(47,9,1,47),(48,7,1,48),(49,3,1,49),(50,3,1,50),(51,7,1,51),(52,6,1,52),(53,4,1,53),(54,7,1,54),(55,8,1,55),(56,4,1,56),(57,3,1,57),(58,7,1,58),(59,9,1,59),(60,7,1,60),(61,4,1,61),(62,8,1,62),(63,9,1,63),(64,7,1,64),(65,8,1,65),(66,1,1,66),(67,3,1,67),(68,9,1,68),(69,4,1,69),(70,10,1,70),(71,3,1,71),(72,8,1,72),(73,2,1,73),(74,4,1,74),(75,2,1,75),(76,5,1,76),(77,6,1,77),(78,3,1,78),(79,3,1,79),(80,1,1,80),(81,8,1,81),(82,4,1,82),(83,2,1,83),(84,8,1,84),(85,2,1,85),(86,4,1,86),(87,8,1,87),(88,3,1,88),(89,1,1,89),(90,5,1,90),(91,1,1,91),(92,9,1,92),(93,1,1,93),(94,10,1,94),(95,0,1,95),(96,7,1,96),(97,1,1,97),(98,9,1,98),(99,5,1,99),(100,4,1,100),(101,8,1,101),(102,10,1,102),(103,8,1,103),(104,8,1,104),(105,0,1,105),(106,6,1,106),(107,4,1,107),(108,7,1,108),(109,8,1,109),(110,8,1,110),(111,10,1,111),(112,5,1,112),(113,5,1,113),(114,8,1,114),(115,4,2,1),(116,0,2,2),(117,7,2,3),(118,6,2,4),(119,9,2,5),(120,4,2,6),(121,2,2,7),(122,0,2,8),(123,2,2,9),(124,1,2,10),(125,4,2,11),(126,6,2,12),(127,6,2,13),(128,10,2,14),(129,2,2,15),(130,9,2,16),(131,2,2,17),(132,6,2,18),(133,5,2,19),(134,10,2,20),(135,10,2,21),(136,7,2,22),(137,6,2,23),(138,9,2,24),(139,2,2,25),(140,0,2,26),(141,5,2,27),(142,5,2,28),(143,9,2,29),(144,1,2,30),(145,0,2,31),(146,3,2,32),(147,3,2,33),(148,0,2,34),(149,0,2,35),(150,9,2,36),(151,7,2,37),(152,2,2,38),(153,3,2,39),(154,7,2,40),(155,2,2,41),(156,3,2,42),(157,5,2,43),(158,7,2,44),(159,4,2,45),(160,8,2,46),(161,6,2,47),(162,4,2,48),(163,9,2,49),(164,4,2,50),(165,10,2,51),(166,4,2,52),(167,8,2,53),(168,10,2,54),(169,4,2,55),(170,10,2,56),(171,4,2,57),(172,0,2,58),(173,7,2,59),(174,10,2,60),(175,4,2,61),(176,10,2,62),(177,4,2,63),(178,5,2,64),(179,5,2,65),(180,3,2,66),(181,8,2,67),(182,4,2,68),(183,7,2,69),(184,6,2,70),(185,5,2,71),(186,4,2,72),(187,8,2,73),(188,1,2,74),(189,10,2,75),(190,1,2,76),(191,2,2,77),(192,8,2,78),(193,6,2,79),(194,3,2,80),(195,9,2,81),(196,7,2,82),(197,7,2,83),(198,10,2,84),(199,8,2,85),(200,6,2,86),(201,5,2,87),(202,8,2,88),(203,5,2,89),(204,6,2,90),(205,0,2,91),(206,8,2,92),(207,6,2,93),(208,4,2,94),(209,8,2,95),(210,3,2,96),(211,0,2,97),(212,2,2,98),(213,4,2,99),(214,8,2,100),(215,2,2,101),(216,8,2,102),(217,1,2,103),(218,1,2,104),(219,7,2,105),(220,4,2,106),(221,8,2,107),(222,0,2,108),(223,10,2,109),(224,5,2,110),(225,5,2,111),(226,9,2,112),(227,2,2,113),(228,6,2,114),(229,1,3,1),(230,10,3,2),(231,6,3,3),(232,9,3,4),(233,5,3,5),(234,1,3,6),(235,3,3,7),(236,1,3,8),(237,5,3,9),(238,9,3,10),(239,5,3,11),(240,7,3,12),(241,1,3,13),(242,7,3,14),(243,3,3,15),(244,4,3,16),(245,9,3,17),(246,1,3,18),(247,7,3,19),(248,5,3,20),(249,7,3,21),(250,8,3,22),(251,7,3,23),(252,9,3,24),(253,6,3,25),(254,10,3,26),(255,7,3,27),(256,10,3,28),(257,2,3,29),(258,5,3,30),(259,7,3,31),(260,8,3,32),(261,2,3,33),(262,8,3,34),(263,3,3,35),(264,6,3,36),(265,10,3,37),(266,5,3,38),(267,5,3,39),(268,9,3,40),(269,3,3,41),(270,6,3,42),(271,10,3,43),(272,10,3,44),(273,1,3,45),(274,8,3,46),(275,6,3,47),(276,3,3,48),(277,1,3,49),(278,5,3,50),(279,5,3,51),(280,6,3,52),(281,2,3,53),(282,0,3,54),(283,8,3,55),(284,7,3,56),(285,4,3,57),(286,8,3,58),(287,1,3,59),(288,1,3,60),(289,6,3,61),(290,3,3,62),(291,8,3,63),(292,5,3,64),(293,7,3,65),(294,2,3,66),(295,0,3,67),(296,2,3,68),(297,10,3,69),(298,0,3,70),(299,8,3,71),(300,9,3,72),(301,2,3,73),(302,0,3,74),(303,6,3,75),(304,3,3,76),(305,6,3,77),(306,1,3,78),(307,2,3,79),(308,8,3,80),(309,8,3,81),(310,3,3,82),(311,1,3,83),(312,5,3,84),(313,7,3,85),(314,6,3,86),(315,6,3,87),(316,5,3,88),(317,1,3,89),(318,3,3,90),(319,2,3,91),(320,6,3,92),(321,1,3,93),(322,4,3,94),(323,4,3,95),(324,3,3,96),(325,7,3,97),(326,9,3,98),(327,7,3,99),(328,2,3,100),(329,1,3,101),(330,4,3,102),(331,4,3,103),(332,8,3,104),(333,5,3,105),(334,1,3,106),(335,9,3,107),(336,8,3,108),(337,10,3,109),(338,10,3,110),(339,3,3,111),(340,5,3,112),(341,9,3,113),(342,3,3,114),(343,8,4,1),(344,5,4,2),(345,9,4,3),(346,8,4,4),(347,7,4,5),(348,8,4,6),(349,6,4,7),(350,4,4,8),(351,2,4,9),(352,2,4,10),(353,8,4,11),(354,2,4,12),(355,8,4,13),(356,1,4,14),(357,3,4,15),(358,8,4,16),(359,6,4,17),(360,6,4,18),(361,4,4,19),(362,7,4,20),(363,1,4,21),(364,7,4,22),(365,7,4,23),(366,1,4,24),(367,6,4,25),(368,1,4,26),(369,5,4,27),(370,7,4,28),(371,7,4,29),(372,10,4,30),(373,9,4,31),(374,4,4,32),(375,7,4,33),(376,4,4,34),(377,1,4,35),(378,0,4,36),(379,5,4,37),(380,4,4,38),(381,8,4,39),(382,1,4,40),(383,0,4,41),(384,7,4,42),(385,3,4,43),(386,8,4,44),(387,2,4,45),(388,1,4,46),(389,3,4,47),(390,5,4,48),(391,9,4,49),(392,4,4,50),(393,4,4,51),(394,6,4,52),(395,8,4,53),(396,6,4,54),(397,7,4,55),(398,7,4,56),(399,5,4,57),(400,9,4,58),(401,7,4,59),(402,10,4,60),(403,8,4,61),(404,5,4,62),(405,7,4,63),(406,6,4,64),(407,2,4,65),(408,8,4,66),(409,4,4,67),(410,8,4,68),(411,4,4,69),(412,3,4,70),(413,6,4,71),(414,0,4,72),(415,3,4,73),(416,6,4,74),(417,2,4,75),(418,7,4,76),(419,10,4,77),(420,10,4,78),(421,6,4,79),(422,9,4,80),(423,10,4,81),(424,8,4,82),(425,6,4,83),(426,5,4,84),(427,9,4,85),(428,3,4,86),(429,9,4,87),(430,6,4,88),(431,9,4,89),(432,0,4,90),(433,0,4,91),(434,6,4,92),(435,3,4,93),(436,10,4,94),(437,4,4,95),(438,3,4,96),(439,5,4,97),(440,9,4,98),(441,4,4,99),(442,8,4,100),(443,7,4,101),(444,7,4,102),(445,9,4,103),(446,1,4,104),(447,9,4,105),(448,8,4,106),(449,5,4,107),(450,3,4,108),(451,5,4,109),(452,3,4,110),(453,2,4,111),(454,5,4,112),(455,8,4,113),(456,6,4,114),(457,4,5,1),(458,6,5,2),(459,4,5,3),(460,9,5,4),(461,7,5,5),(462,3,5,6),(463,4,5,7),(464,3,5,8),(465,1,5,9),(466,2,5,10),(467,10,5,11),(468,10,5,12),(469,1,5,13),(470,10,5,14),(471,1,5,15),(472,8,5,16),(473,4,5,17),(474,4,5,18),(475,0,5,19),(476,8,5,20),(477,1,5,21),(478,5,5,22),(479,0,5,23),(480,8,5,24),(481,9,5,25),(482,0,5,26),(483,1,5,27),(484,2,5,28),(485,9,5,29),(486,6,5,30),(487,7,5,31),(488,3,5,32),(489,3,5,33),(490,8,5,34),(491,1,5,35),(492,5,5,36),(493,6,5,37),(494,9,5,38),(495,5,5,39),(496,1,5,40),(497,6,5,41),(498,6,5,42),(499,4,5,43),(500,6,5,44),(501,4,5,45),(502,9,5,46),(503,10,5,47),(504,8,5,48),(505,4,5,49),(506,3,5,50),(507,5,5,51),(508,2,5,52),(509,5,5,53),(510,4,5,54),(511,9,5,55),(512,8,5,56),(513,2,5,57),(514,8,5,58),(515,8,5,59),(516,3,5,60),(517,8,5,61),(518,3,5,62),(519,7,5,63),(520,10,5,64),(521,1,5,65),(522,10,5,66),(523,8,5,67),(524,1,5,68),(525,5,5,69),(526,2,5,70),(527,8,5,71),(528,3,5,72),(529,7,5,73),(530,4,5,74),(531,7,5,75),(532,4,5,76),(533,9,5,77),(534,1,5,78),(535,9,5,79),(536,10,5,80),(537,2,5,81),(538,10,5,82),(539,10,5,83),(540,7,5,84),(541,7,5,85),(542,6,5,86),(543,2,5,87),(544,4,5,88),(545,0,5,89),(546,7,5,90),(547,0,5,91),(548,9,5,92),(549,7,5,93),(550,0,5,94),(551,5,5,95),(552,4,5,96),(553,1,5,97),(554,5,5,98),(555,0,5,99),(556,0,5,100),(557,0,5,101),(558,5,5,102),(559,4,5,103),(560,8,5,104),(561,4,5,105),(562,1,5,106),(563,5,5,107),(564,0,5,108),(565,10,5,109),(566,9,5,110),(567,10,5,111),(568,10,5,112),(569,2,5,113),(570,4,5,114),(571,10,6,1),(572,7,6,2),(573,10,6,3),(574,7,6,4),(575,0,6,5),(576,10,6,6),(577,5,6,7),(578,0,6,8),(579,8,6,9),(580,1,6,10),(581,10,6,11),(582,1,6,12),(583,8,6,13),(584,2,6,14),(585,4,6,15),(586,4,6,16),(587,10,6,17),(588,5,6,18),(589,8,6,19),(590,9,6,20),(591,8,6,21),(592,2,6,22),(593,2,6,23),(594,1,6,24),(595,8,6,25),(596,1,6,26),(597,3,6,27),(598,4,6,28),(599,6,6,29),(600,5,6,30),(601,6,6,31),(602,9,6,32),(603,3,6,33),(604,0,6,34),(605,9,6,35),(606,3,6,36),(607,4,6,37),(608,3,6,38),(609,9,6,39),(610,6,6,40),(611,3,6,41),(612,8,6,42),(613,8,6,43),(614,2,6,44),(615,1,6,45),(616,5,6,46),(617,9,6,47),(618,7,6,48),(619,5,6,49),(620,2,6,50),(621,4,6,51),(622,7,6,52),(623,0,6,53),(624,1,6,54),(625,9,6,55),(626,10,6,56),(627,0,6,57),(628,10,6,58),(629,9,6,59),(630,0,6,60),(631,9,6,61),(632,3,6,62),(633,3,6,63),(634,1,6,64),(635,9,6,65),(636,1,6,66),(637,5,6,67),(638,6,6,68),(639,2,6,69),(640,2,6,70),(641,3,6,71),(642,0,6,72),(643,1,6,73),(644,3,6,74),(645,5,6,75),(646,1,6,76),(647,3,6,77),(648,7,6,78),(649,4,6,79),(650,7,6,80),(651,6,6,81),(652,7,6,82),(653,10,6,83),(654,4,6,84),(655,2,6,85),(656,6,6,86),(657,4,6,87),(658,1,6,88),(659,9,6,89),(660,1,6,90),(661,7,6,91),(662,8,6,92),(663,6,6,93),(664,7,6,94),(665,3,6,95),(666,7,6,96),(667,9,6,97),(668,5,6,98),(669,5,6,99),(670,8,6,100),(671,6,6,101),(672,5,6,102),(673,8,6,103),(674,6,6,104),(675,8,6,105),(676,1,6,106),(677,4,6,107),(678,10,6,108),(679,9,6,109),(680,4,6,110),(681,8,6,111),(682,10,6,112),(683,0,6,113),(684,0,6,114);
/*!40000 ALTER TABLE `StorageS_branchproduct` ENABLE KEYS */;
UNLOCK TABLES;

--
-- Table structure for table `StorageS_client`
--

DROP TABLE IF EXISTS `StorageS_client`;
/*!40101 SET @saved_cs_client     = @@character_set_client */;
/*!40101 SET character_set_client = utf8 */;
CREATE TABLE `StorageS_client` (
  `id` int(11) NOT NULL AUTO_INCREMENT,
  `client_name` varchar(50) NOT NULL,
  `client_passport` varchar(11) NOT NULL,
  `client_birthday` date NOT NULL,
  PRIMARY KEY (`id`)
) ENGINE=InnoDB AUTO_INCREMENT=101 DEFAULT CHARSET=utf8;
/*!40101 SET character_set_client = @saved_cs_client */;

--
-- Dumping data for table `StorageS_client`
--

LOCK TABLES `StorageS_client` WRITE;
/*!40000 ALTER TABLE `StorageS_client` DISABLE KEYS */;
INSERT INTO `StorageS_client` VALUES (1,'Матвеева Снежана','4577 588509','1957-12-30'),(2,'Молчанов Евгений','4604 365160','1984-12-23'),(3,'Фёдоров Геннадий','4612 528229','1992-12-10'),(4,'Чернов Ефим','4594 026372','1974-12-19'),(5,'Мамонтов Леонтий','4513 657223','1993-11-19'),(6,'Тетерина Дарья','4577 793699','1957-02-10'),(7,'Горшков Леонтий','4690 613468','1970-03-22'),(8,'Суханов Владислав','4581 488233','1961-08-09'),(9,'Колесников Иван','4579 191816','1959-10-21'),(10,'Федосеева Елена','4675 617352','1955-07-01'),(11,'Коновалова Алина','4504 517193','1984-03-16'),(12,'Комарова Зинаида','4680 559316','1960-03-21'),(13,'Гаврилова Марина','4699 901751','1979-04-19'),(14,'Мельникова Анжелика','4507 142083','1987-02-18'),(15,'Федосеев Ярослав','4580 822967','1960-10-19'),(16,'Павлова Маргарита','4601 477030','1981-03-05'),(17,'Васильева Ангелина','4580 198866','1960-08-28'),(18,'Фадеев Пётр','4510 487650','1990-10-25'),(19,'Баранова Наталья','4600 023928','1980-07-23'),(20,'Рябов Прохор','4693 463577','1973-03-24'),(21,'Симонов Демьян','4593 960791','1973-04-13'),(22,'Игнатьева Александра','4514 321552','1994-04-01'),(23,'Гурьев Анатолий','4614 599338','1994-03-02'),(24,'Симонов Станислав','4676 365395','1956-11-05'),(25,'Блинов Владислав','4698 859390','1978-01-30'),(26,'Фокин Арсений','4603 599553','1983-05-13'),(27,'Стрелков Юрий','4514 559000','1994-03-17'),(28,'Прохорова Елена','4695 622587','1975-06-24'),(29,'Попова Инесса','4696 546647','1976-08-31'),(30,'Горшкова Валерия','4689 514994','1969-08-20'),(31,'Исаков Даниил','4611 346758','1991-03-28'),(32,'Стрелков Тимофей','4509 371330','1989-05-04'),(33,'Вишнякова Людмила','4606 180578','1986-03-17'),(34,'Кошелева Любовь','4689 980415','1969-03-19'),(35,'Доронин Максим','4689 261282','1969-08-30'),(36,'Носов Владимир','4598 919222','1978-07-05'),(37,'Никонова Любовь','4576 297523','1956-08-11'),(38,'Борисов Трофим','4695 991058','1975-09-11'),(39,'Копылов Всеволод','4696 350755','1976-07-27'),(40,'Денисова Ярослава','4696 070072','1976-11-05'),(41,'Фёдорова Вероника','4612 326992','1992-11-06'),(42,'Овчинников Герман','4676 575691','1956-10-28'),(43,'Медведева Дарья','4501 389526','1981-08-07'),(44,'Ершов Степан','4589 449253','1969-01-09'),(45,'Белова Инесса','4676 139001','1956-02-23'),(46,'Брагин Олег','4605 013273','1985-08-22'),(47,'Горбунова Кира','4509 259909','1989-02-24'),(48,'Кононова Лилия','4590 995917','1970-04-29'),(49,'Петухов Всеволод','4575 683452','1955-01-15'),(50,'Гусев Лаврентий','4605 898142','1985-01-01'),(51,'Овчинникова София','4591 649069','1971-03-30'),(52,'Тюрина Наталья','4511 169640','1991-05-27'),(53,'Федосеева Светлана','4589 012323','1969-04-25'),(54,'Тихонов Юрий','4579 128819','1959-02-22'),(55,'Мясникова Светлана','4688 633961','1968-03-02'),(56,'Макарова Карина','4579 003432','1959-01-10'),(57,'Кузьмин Михаил','4582 350175','1962-03-17'),(58,'Шубина Анжелика','4515 626781','1995-08-08'),(59,'Пахомова Мария','4506 326369','1986-09-17'),(60,'Мельникова Дарья','4578 919806','1958-06-08'),(61,'Константинова Полина','4611 737230','1991-05-02'),(62,'Кудряшов Николай','4503 095421','1983-01-30'),(63,'Мамонтова Алина','4611 971921','1991-09-30'),(64,'Агафонов Олег','4514 182905','1994-12-30'),(65,'Колобов Игнатий','4608 287104','1988-08-02'),(66,'Игнатьева Анна','4682 116730','1962-07-16'),(67,'Михайлов Юрий','4608 109846','1988-12-07'),(68,'Устинов Илья','4589 545999','1969-07-16'),(69,'Степанова Василиса','4509 394822','1989-12-04'),(70,'Мамонтова Карина','4579 250321','1959-03-22'),(71,'Уварова Ярослава','4578 080229','1958-06-08'),(72,'Шарапов Антон','4590 958652','1970-12-20'),(73,'Киселёв Виктор','4606 120745','1986-12-05'),(74,'Анисимова Светлана','4588 683447','1968-01-17'),(75,'Козлов Владислав','4696 833352','1976-09-27'),(76,'Логинова Татьяна','4698 258025','1978-01-15'),(77,'Одинцов Святослав','4607 128851','1987-12-25'),(78,'Емельянов Никита','4592 313793','1972-06-01'),(79,'Большакова София','4593 371890','1973-05-12'),(80,'Николаев Василий','4693 074691','1973-11-18'),(81,'Моисеев Григорий','4598 483401','1978-08-12'),(82,'Гордеев Трофим','4689 436184','1969-07-05'),(83,'Савина Виктория','4503 551557','1983-04-11'),(84,'Елисеева Александра','4504 849798','1984-03-03'),(85,'Зиновьев Альберт','4612 674632','1992-07-02'),(86,'Лебедева Регина','4504 057414','1984-08-20'),(87,'Гурьева Кира','4502 639293','1982-04-06'),(88,'Емельянов Иван','4593 915454','1973-08-10'),(89,'Филиппова Мария','4593 334443','1973-02-01'),(90,'Калашников Вячеслав','4689 109986','1969-01-12'),(91,'Симонов Матвей','4575 531798','1955-06-12'),(92,'Ефимов Ярослав','4594 809196','1974-09-19'),(93,'Ситникова Алина','4504 416337','1984-03-04'),(94,'Андреева Фаина','4681 917365','1961-06-12'),(95,'Кошелев Илья','4675 498851','1955-09-13'),(96,'Миронова Мария','4512 224946','1992-05-24'),(97,'Исаева Лилия','4688 296610','1968-03-05'),(98,'Лукин Владимир','4583 347097','1963-01-16'),(99,'Русакова Антонина','4502 968896','1982-05-21'),(100,'Голубева Яна','4601 189579','1981-11-28');
/*!40000 ALTER TABLE `StorageS_client` ENABLE KEYS */;
UNLOCK TABLES;

--
-- Table structure for table `StorageS_driver`
--

DROP TABLE IF EXISTS `StorageS_driver`;
/*!40101 SET @saved_cs_client     = @@character_set_client */;
/*!40101 SET character_set_client = utf8 */;
CREATE TABLE `StorageS_driver` (
  `id` int(11) NOT NULL AUTO_INCREMENT,
  `driver_name` varchar(50) NOT NULL,
  `driver_birthday` date NOT NULL,
  `driver_salary` int(11) NOT NULL,
  `driver_recruitment` date NOT NULL,
  `auto_id` int(11) NOT NULL,
  PRIMARY KEY (`id`),
  KEY `StorageS_driver_auto_id_378108bc_fk_StorageS_auto_id` (`auto_id`),
  CONSTRAINT `StorageS_driver_auto_id_378108bc_fk_StorageS_auto_id` FOREIGN KEY (`auto_id`) REFERENCES `StorageS_auto` (`id`)
) ENGINE=InnoDB AUTO_INCREMENT=61 DEFAULT CHARSET=utf8;
/*!40101 SET character_set_client = @saved_cs_client */;

--
-- Dumping data for table `StorageS_driver`
--

LOCK TABLES `StorageS_driver` WRITE;
/*!40000 ALTER TABLE `StorageS_driver` DISABLE KEYS */;
INSERT INTO `StorageS_driver` VALUES (1,'Емельянов Никита','1968-05-28',68679,'2000-10-26',1),(2,'Лебедев Трофим','1989-06-08',39517,'2008-09-10',2),(3,'Тихонов Тихон','1987-06-12',50282,'1984-10-08',3),(4,'Поляков Аркадий','1965-10-10',49660,'2011-07-28',4),(5,'Субботин Василий','1988-08-12',48641,'1988-09-18',5),(6,'Меркушев Василий','1976-02-16',35491,'2015-10-03',6),(7,'Гурьев Эдуард','1961-06-17',52041,'2014-06-27',7),(8,'Гаврилов Антон','1982-02-25',56181,'1989-02-10',8),(9,'Королёв Руслан','1974-12-02',48493,'1992-09-15',9),(10,'Ковалёв Глеб','1978-08-04',63252,'2007-06-14',10),(11,'Лукин Пётр','1985-05-08',56793,'2002-04-06',11),(12,'Харитонов Василий','1976-12-25',58254,'2007-01-26',12),(13,'Ершов Олег','1968-04-15',50217,'2014-08-10',13),(14,'Матвеев Прохор','1960-09-09',44597,'1991-07-13',14),(15,'Цветков Юрий','1973-05-14',40133,'1989-05-21',15),(16,'Корнилов Дмитрий','1972-03-17',49043,'2013-12-12',16),(17,'Игнатов Олег','1986-04-29',41605,'1992-12-18',17),(18,'Сысоев Валентин','1968-06-10',49310,'2004-09-04',18),(19,'Сафонов Митрофан','1966-10-11',39843,'2001-01-16',19),(20,'Ершов Ростислав','1968-01-16',58369,'2015-05-09',20),(21,'Терентьев Сергей','1965-07-30',39090,'1988-01-01',21),(22,'Шаров Максим','1972-08-26',30422,'2007-11-16',22),(23,'Капустин Григорий','1986-08-14',33895,'2008-08-15',23),(24,'Маслов Трофим','1955-01-30',42057,'1997-01-31',24),(25,'Фомичёв Борис','1989-07-25',64134,'1987-12-12',25),(26,'Попов Максим','1976-05-02',49129,'2004-03-04',26),(27,'Бобров Тихон','1981-09-17',66973,'1981-11-27',27),(28,'Аксёнов Владимир','1968-08-21',45958,'1988-03-30',28),(29,'Колесников Вениамин','1965-02-13',64648,'1983-03-19',29),(30,'Петухов Леонтий','1975-12-07',67157,'1984-02-09',30),(31,'Мамонтов Юрий','1971-05-19',65224,'2004-11-29',31),(32,'Щербаков Станислав','1979-05-19',68482,'2006-01-24',32),(33,'Куликов Георгий','1978-05-28',46113,'2004-02-11',33),(34,'Елисеев Владимир','1973-07-15',64431,'2015-08-19',34),(35,'Трофимов Арсений','1975-03-28',43951,'1994-05-10',35),(36,'Мартынов Олег','1982-11-22',62551,'1989-06-09',36),(37,'Мухин Леонид','1967-02-24',32075,'2012-05-21',37),(38,'Лыткин Николай','1967-03-24',39379,'2007-10-12',38),(39,'Лапин Станислав','1979-02-15',67756,'2004-03-05',39),(40,'Горбачёв Федот','1962-06-02',50468,'2009-05-30',40),(41,'Егоров Лаврентий','1963-09-16',53285,'1993-02-27',41),(42,'Туров Леонид','1980-03-08',40113,'2014-11-22',42),(43,'Суворов Ростислав','1962-11-26',37250,'2010-11-08',43),(44,'Носков Сергей','1959-08-09',55094,'2011-12-22',44),(45,'Блинов Леонид','1970-05-21',31590,'2014-08-07',45),(46,'Попов Тимофей','1970-09-13',64128,'2011-06-12',46),(47,'Ситников Эдуард','1968-08-16',39241,'2014-04-06',47),(48,'Пестов Аркадий','1959-03-23',47785,'2015-03-12',48),(49,'Максимов Вадим','1983-02-18',35960,'2014-09-12',49),(50,'Евдокимов Аркадий','1960-11-03',36047,'2007-08-04',50),(51,'Попов Богдан','1967-07-24',34903,'2014-08-20',51),(52,'Афанасьев Дорофей','1980-04-26',58290,'2012-08-13',52),(53,'Максимов Аркадий','1965-05-10',39952,'1996-01-08',53),(54,'Калашников Денис','1969-03-12',47031,'2014-06-12',54),(55,'Владимиров Глеб','1988-08-02',40748,'2014-06-15',55),(56,'Вишняков Гавриил','1960-08-23',37141,'2015-10-08',56),(57,'Фадеев Христофор','1971-12-28',43094,'1989-12-23',57),(58,'Никонов Вениамин','1957-11-25',46560,'2008-04-18',58),(59,'Орехов Демьян','1961-09-03',36711,'1992-10-31',59),(60,'Шарапов Андрей','1961-09-14',58798,'1990-03-27',60);
/*!40000 ALTER TABLE `StorageS_driver` ENABLE KEYS */;
UNLOCK TABLES;

--
-- Table structure for table `StorageS_manager`
--

DROP TABLE IF EXISTS `StorageS_manager`;
/*!40101 SET @saved_cs_client     = @@character_set_client */;
/*!40101 SET character_set_client = utf8 */;
CREATE TABLE `StorageS_manager` (
  `id` int(11) NOT NULL AUTO_INCREMENT,
  `manager_name` varchar(50) NOT NULL,
  `manager_birthday` date NOT NULL,
  `manager_recruitment` date NOT NULL,
  `manager_salary` int(11) NOT NULL,
  `branch_id` int(11) NOT NULL,
  PRIMARY KEY (`id`),
  KEY `StorageS_manager_branch_id_7a7b0278_fk_StorageS_branch_id` (`branch_id`),
  CONSTRAINT `StorageS_manager_branch_id_7a7b0278_fk_StorageS_branch_id` FOREIGN KEY (`branch_id`) REFERENCES `StorageS_branch` (`id`)
) ENGINE=InnoDB AUTO_INCREMENT=121 DEFAULT CHARSET=utf8;
/*!40101 SET character_set_client = @saved_cs_client */;

--
-- Dumping data for table `StorageS_manager`
--

LOCK TABLES `StorageS_manager` WRITE;
/*!40000 ALTER TABLE `StorageS_manager` DISABLE KEYS */;
INSERT INTO `StorageS_manager` VALUES (1,'Тихонова Марина','1987-04-24','2008-10-25',66553,1),(2,'Ершов Макар','1973-11-18','1989-10-08',56458,1),(3,'Мельников Олег','1979-07-22','1999-08-08',68325,1),(4,'Игнатов Станислав','1960-10-07','1998-07-29',42503,1),(5,'Иванов Егор','1957-02-17','1988-04-14',67259,1),(6,'Галкина Валентина','1990-09-24','2008-02-03',44768,1),(7,'Комаров Вадим','1978-01-08','1999-08-30',54742,1),(8,'Лазарев Владимир','1958-08-24','1998-11-29',35752,1),(9,'Одинцова Нонна','1982-07-23','2003-06-08',49908,1),(10,'Абрамов Владислав','1961-05-03','2001-09-01',34715,1),(11,'Носкова Анна','1979-10-23','2014-12-03',31194,1),(12,'Данилов Прохор','1968-04-08','2003-08-25',44209,1),(13,'Степанова Нонна','1967-07-29','2009-12-05',64388,1),(14,'Миронова Снежана','1955-11-12','1992-12-14',30018,1),(15,'Аксёнов Артём','1984-07-19','2008-06-30',41452,1),(16,'Воронова Вероника','1985-09-25','2014-06-07',57908,1),(17,'Савин Артём','1969-03-24','2007-05-14',69297,1),(18,'Кириллова Ирина','1963-01-01','2014-09-20',35988,1),(19,'Кулагина Анжелика','1986-09-25','1998-08-21',57826,1),(20,'Осипов Тихон','1956-09-04','1985-08-10',64588,1),(21,'Соколов Глеб','1968-01-30','2001-09-14',57453,2),(22,'Кононов Василий','1963-09-14','1994-08-12',31473,2),(23,'Молчанова Фаина','1975-06-28','2000-10-11',68077,2),(24,'Белозёров Виктор','1973-01-26','1984-07-23',62779,2),(25,'Стрелков Степан','1974-07-07','2006-04-15',44954,2),(26,'Захаров Тимофей','1966-12-14','2005-04-19',56764,2),(27,'Лазарева Светлана','1961-09-03','2009-02-15',56849,2),(28,'Сергеева Ксения','1977-01-18','2011-09-17',52110,2),(29,'Селезнёв Фёдор','1977-12-10','2002-08-02',59028,2),(30,'Власова Снежана','1971-08-19','1986-09-25',69773,2),(31,'Беспалова Тамара','1964-10-02','1989-08-01',51122,2),(32,'Шестаков Венедикт','1963-02-08','2014-01-09',38774,2),(33,'Гуляева София','1970-09-13','2003-02-22',41396,2),(34,'Воронцова Любовь','1982-05-19','1995-12-15',68616,2),(35,'Орехова Раиса','1979-05-03','2000-09-12',47540,2),(36,'Белякова Майя','1985-11-19','1999-04-26',37438,2),(37,'Пахомова Ярослава','1985-03-27','1994-07-17',67103,2),(38,'Воронцова Галина','1957-04-08','1989-08-03',37743,2),(39,'Маркова Тамара','1978-01-06','2008-01-09',44354,2),(40,'Миронов Валентин','1973-02-08','2006-11-16',33817,2),(41,'Коновалов Вадим','1987-04-12','2015-03-31',46486,3),(42,'Беляев Митрофан','1969-12-24','2008-07-18',45527,3),(43,'Макарова Юлия','1975-11-14','2014-06-30',64536,3),(44,'Макарова Любовь','1969-11-26','1996-11-22',41206,3),(45,'Моисеева Жанна','1989-07-31','2003-07-28',42935,3),(46,'Евдокимов Ефим','1976-01-27','2012-07-28',69474,3),(47,'Назаров Илья','1965-04-11','1998-08-12',33471,3),(48,'Трофимова Ксения','1985-01-26','1992-01-15',39963,3),(49,'Фадеева Галина','1984-12-10','2009-09-20',61780,3),(50,'Харитонов Степан','1979-11-25','2003-11-13',48848,3),(51,'Фокина Анна','1980-12-14','1996-11-03',63127,3),(52,'Меркушева Ангелина','1988-03-20','2006-04-11',66571,3),(53,'Лапин Фёдор','1975-01-14','1992-05-14',52487,3),(54,'Воронова Анжелика','1987-12-05','2015-08-03',59255,3),(55,'Голубева Карина','1956-01-31','1998-06-16',31696,3),(56,'Быков Дмитрий','1969-07-01','2006-06-29',52345,3),(57,'Голубев Артём','1987-02-25','2011-06-11',41666,3),(58,'Кулагина Евгения','1987-09-27','1985-03-30',44348,3),(59,'Меркушева Виктория','1970-02-03','1997-12-18',53608,3),(60,'Блинова Вероника','1956-12-26','1993-01-21',30705,3),(61,'Фокина Виктория','1988-10-24','1999-08-24',60993,4),(62,'Беляев Сергей','1955-02-17','2014-01-09',40133,4),(63,'Блохин Всеволод','1981-05-09','2010-02-07',58046,4),(64,'Блинова Ярослава','1965-10-04','1994-01-11',58290,4),(65,'Шарова Валентина','1977-08-30','1995-10-14',51152,4),(66,'Артемьев Леонтий','1971-03-16','2009-03-02',52351,4),(67,'Федотов Вадим','1971-12-18','2010-02-26',34716,4),(68,'Гришин Пётр','1982-11-24','2000-11-24',36480,4),(69,'Буров Николай','1962-09-20','2014-10-07',69479,4),(70,'Исаева Надежда','1977-10-14','2014-07-10',67739,4),(71,'Виноградов Геннадий','1966-01-11','1999-08-03',55074,4),(72,'Калашников Вениамин','1968-02-20','1994-03-23',66837,4),(73,'Белоусова Любовь','1964-03-04','2014-12-06',67694,4),(74,'Блохина Надежда','1988-09-10','2003-05-09',42516,4),(75,'Ершов Фёдор','1968-03-05','1984-08-20',30771,4),(76,'Дементьев Аркадий','1957-12-05','1990-09-10',36935,4),(77,'Власова Регина','1965-09-07','1987-07-01',44034,4),(78,'Устинов Дмитрий','1968-10-14','2014-05-07',36293,4),(79,'Котов Вениамин','1971-04-07','1985-04-30',61730,4),(80,'Чернов Геннадий','1988-12-01','2012-05-11',37316,4),(81,'Медведев Матвей','1964-02-06','2013-05-12',47881,5),(82,'Нестерова Тамара','1987-11-29','2014-01-08',58751,5),(83,'Филиппов Роман','1984-07-02','1991-06-19',52398,5),(84,'Аксёнова Ангелина','1971-06-29','2004-11-11',62488,5),(85,'Пахомова Фаина','1968-09-11','1982-05-23',44650,5),(86,'Воробьёв Максим','1964-04-29','1989-06-26',66833,5),(87,'Андреев Валерий','1967-05-03','2013-10-13',63134,5),(88,'Меркушев Антон','1971-02-03','2006-04-26',67503,5),(89,'Романов Борис','1983-02-12','1995-02-02',32681,5),(90,'Кузьмин Эраст','1974-02-26','1997-05-31',33587,5),(91,'Зиновьев Ефим','1964-06-03','2004-04-30',54046,5),(92,'Дроздов Герасим','1984-08-14','2009-11-30',41028,5),(93,'Логинов Степан','1962-09-08','1988-12-23',42402,5),(94,'Мельникова Лариса','1959-10-09','2013-03-13',39049,5),(95,'Константинов Павел','1981-08-30','1986-06-27',52953,5),(96,'Лебедева Анжелика','1977-07-24','1990-05-10',67446,5),(97,'Михеева Яна','1986-04-26','1989-07-22',59620,5),(98,'Федосеев Герасим','1988-05-07','1994-09-25',48777,5),(99,'Попова Антонина','1958-02-08','1995-11-27',59951,5),(100,'Самойлова Зинаида','1978-12-27','1994-02-20',58508,5),(101,'Павлов Трофим','1977-10-25','2014-01-05',52472,6),(102,'Шашков Демьян','1983-04-24','2008-09-19',47241,6),(103,'Молчанов Ефим','1969-04-08','2014-08-26',32077,6),(104,'Иванова Надежда','1965-12-17','2013-06-20',61289,6),(105,'Сергеева Оксана','1968-06-02','1988-04-14',66506,6),(106,'Самойлов Митрофан','1959-04-03','2002-08-24',53411,6),(107,'Гаврилова Ярослава','1963-06-25','1999-08-24',40895,6),(108,'Иванова Валерия','1965-05-17','2011-01-15',51729,6),(109,'Мишин Евгений','1960-12-09','2009-04-19',47273,6),(110,'Прохорова Снежана','1959-01-01','2013-01-10',50183,6),(111,'Муравьёва Таисия','1979-06-23','2012-09-11',41446,6),(112,'Дорофеева Вероника','1967-11-19','2001-12-07',47424,6),(113,'Гуляев Всеволод','1956-09-25','1994-02-04',35277,6),(114,'Зайцев Владимир','1955-05-25','1992-01-02',45275,6),(115,'Кошелев Владислав','1979-02-02','2014-10-08',66426,6),(116,'Михайлов Матвей','1956-01-04','1990-01-05',59796,6),(117,'Абрамова Татьяна','1962-06-06','1991-01-28',53797,6),(118,'Гордеева Мария','1967-08-03','1986-02-28',39443,6),(119,'Жданова Василиса','1964-03-14','2014-07-01',67462,6),(120,'Фомичёва Марина','1973-01-16','2007-03-12',69950,6);
/*!40000 ALTER TABLE `StorageS_manager` ENABLE KEYS */;
UNLOCK TABLES;

--
-- Table structure for table `StorageS_orderproduct`
--

DROP TABLE IF EXISTS `StorageS_orderproduct`;
/*!40101 SET @saved_cs_client     = @@character_set_client */;
/*!40101 SET character_set_client = utf8 */;
CREATE TABLE `StorageS_orderproduct` (
  `id` int(11) NOT NULL AUTO_INCREMENT,
  `product_count` int(11) NOT NULL,
  `ordertable_id` int(11) NOT NULL,
  `product_id` int(11) NOT NULL,
  PRIMARY KEY (`id`),
  KEY `StorageS_orderproduct_09358604` (`ordertable_id`),
  KEY `StorageS_orderproduct_9bea82de` (`product_id`),
  CONSTRAINT `StorageS_orderproduct_product_id_fcf86c98_fk_StorageS_product_id` FOREIGN KEY (`product_id`) REFERENCES `StorageS_product` (`id`),
  CONSTRAINT `StorageS_orderp_ordertable_id_5801c613_fk_StorageS_ordertable_id` FOREIGN KEY (`ordertable_id`) REFERENCES `StorageS_ordertable` (`id`)
) ENGINE=InnoDB AUTO_INCREMENT=192 DEFAULT CHARSET=utf8;
/*!40101 SET character_set_client = @saved_cs_client */;

--
-- Dumping data for table `StorageS_orderproduct`
--

LOCK TABLES `StorageS_orderproduct` WRITE;
/*!40000 ALTER TABLE `StorageS_orderproduct` DISABLE KEYS */;
INSERT INTO `StorageS_orderproduct` VALUES (1,2,1,59),(2,2,2,3),(3,1,2,2),(4,1,2,52),(5,2,3,107),(6,2,3,32),(7,2,3,37),(8,2,4,5),(9,1,4,112),(10,1,5,62),(11,2,5,85),(12,1,5,44),(13,2,6,28),(14,2,6,74),(15,2,6,92),(16,2,7,82),(17,2,7,68),(18,2,7,90),(19,2,8,22),(20,2,9,27),(21,2,9,36),(22,2,10,74),(23,1,10,29),(24,1,10,64),(25,2,11,44),(26,1,12,27),(27,1,13,30),(28,1,14,103),(29,1,15,33),(30,1,15,5),(31,2,15,104),(32,1,16,15),(33,1,16,22),(34,1,16,62),(35,2,17,88),(36,2,17,85),(37,2,18,40),(38,1,19,82),(39,1,19,85),(40,2,19,80),(41,2,20,92),(42,2,20,15),(43,2,20,91),(44,1,21,83),(45,1,21,91),(46,2,22,64),(47,1,23,74),(48,2,24,103),(49,1,25,1),(50,1,25,26),(51,2,26,58),(52,1,27,2),(53,2,28,36),(54,1,28,101),(55,2,28,71),(56,1,29,107),(57,2,29,3),(58,2,29,63),(59,1,30,28),(60,1,30,72),(61,1,31,110),(62,1,31,56),(63,2,32,96),(64,2,33,111),(65,1,34,39),(66,1,34,28),(67,1,34,72),(68,2,35,60),(69,2,36,49),(70,1,37,107),(71,1,37,27),(72,1,38,1),(73,1,39,93),(74,2,40,25),(75,1,41,73),(76,1,41,45),(77,1,42,3),(78,2,42,69),(79,2,43,88),(80,2,43,19),(81,1,43,93),(82,2,44,108),(83,2,44,48),(84,2,45,39),(85,1,45,98),(86,2,46,92),(87,2,46,93),(88,2,47,113),(89,2,48,42),(90,2,49,102),(91,2,50,81),(92,2,51,78),(93,1,51,66),(94,1,51,17),(95,2,52,20),(96,1,52,107),(97,1,52,93),(98,1,53,30),(99,2,53,43),(100,2,54,83),(101,2,55,40),(102,1,55,36),(103,1,56,71),(104,1,57,78),(105,2,57,80),(106,1,58,82),(107,1,58,63),(108,2,59,95),(109,2,59,91),(110,2,60,91),(111,1,60,16),(112,2,61,75),(113,1,62,111),(114,2,63,16),(115,1,63,40),(116,2,64,63),(117,2,65,102),(118,1,65,70),(119,1,66,16),(120,2,66,82),(121,1,66,114),(122,1,67,73),(123,2,67,91),(124,1,67,54),(125,1,68,92),(126,2,68,1),(127,1,68,56),(128,2,69,69),(129,1,69,4),(130,2,69,12),(131,1,70,49),(132,1,70,53),(133,2,70,100),(134,1,71,73),(135,1,72,109),(136,2,72,86),(137,1,73,12),(138,2,74,48),(139,1,74,45),(140,1,74,47),(141,1,75,12),(142,2,76,34),(143,2,76,99),(144,1,76,23),(145,1,77,29),(146,1,78,20),(147,1,78,92),(148,1,79,50),(149,2,80,54),(150,1,81,40),(151,1,82,109),(152,2,82,108),(153,2,82,51),(154,2,83,46),(155,2,83,35),(156,2,83,114),(157,2,84,36),(158,1,84,72),(159,1,84,25),(160,2,85,19),(161,1,86,65),(162,1,86,70),(163,2,87,59),(164,2,87,102),(165,1,88,71),(166,2,88,93),(167,1,89,30),(168,1,90,59),(169,1,90,38),(170,2,91,13),(171,1,91,38),(172,1,91,73),(173,2,92,108),(174,1,93,5),(175,2,93,47),(176,2,93,46),(177,2,94,93),(178,1,95,63),(179,2,95,110),(180,2,95,80),(181,1,96,31),(182,2,96,90),(183,2,97,112),(184,2,98,13),(185,1,98,52),(186,1,99,76),(187,1,99,16),(188,2,99,78),(189,1,100,3),(190,2,100,90),(191,1,100,73);
/*!40000 ALTER TABLE `StorageS_orderproduct` ENABLE KEYS */;
UNLOCK TABLES;

--
-- Table structure for table `StorageS_ordertable`
--

DROP TABLE IF EXISTS `StorageS_ordertable`;
/*!40101 SET @saved_cs_client     = @@character_set_client */;
/*!40101 SET character_set_client = utf8 */;
CREATE TABLE `StorageS_ordertable` (
  `id` int(11) NOT NULL AUTO_INCREMENT,
  `order_date` date NOT NULL,
  `order_address` varchar(50) NOT NULL,
  `order_totalcost` double NOT NULL,
  `auto_id` int(11) NOT NULL,
  `branch_id` int(11) NOT NULL,
  `client_id` int(11) NOT NULL,
  `manager_id` int(11) NOT NULL,
  PRIMARY KEY (`id`),
  KEY `StorageS_ordertable_auto_id_6238a46d_fk_StorageS_auto_id` (`auto_id`),
  KEY `StorageS_ordertable_branch_id_ea5f3b3e_fk_StorageS_branch_id` (`branch_id`),
  KEY `StorageS_ordertable_client_id_1b4322db_fk_StorageS_client_id` (`client_id`),
  KEY `StorageS_ordertable_manager_id_867ee407_fk_StorageS_manager_id` (`manager_id`),
  CONSTRAINT `StorageS_ordertable_auto_id_6238a46d_fk_StorageS_auto_id` FOREIGN KEY (`auto_id`) REFERENCES `StorageS_auto` (`id`),
  CONSTRAINT `StorageS_ordertable_branch_id_ea5f3b3e_fk_StorageS_branch_id` FOREIGN KEY (`branch_id`) REFERENCES `StorageS_branch` (`id`),
  CONSTRAINT `StorageS_ordertable_client_id_1b4322db_fk_StorageS_client_id` FOREIGN KEY (`client_id`) REFERENCES `StorageS_client` (`id`),
  CONSTRAINT `StorageS_ordertable_manager_id_867ee407_fk_StorageS_manager_id` FOREIGN KEY (`manager_id`) REFERENCES `StorageS_manager` (`id`)
) ENGINE=InnoDB AUTO_INCREMENT=101 DEFAULT CHARSET=utf8;
/*!40101 SET character_set_client = @saved_cs_client */;

--
-- Dumping data for table `StorageS_ordertable`
--

LOCK TABLES `StorageS_ordertable` WRITE;
/*!40000 ALTER TABLE `StorageS_ordertable` DISABLE KEYS */;
INSERT INTO `StorageS_ordertable` VALUES (1,'2014-05-07','Дурасовский переулок',119518,4,3,1,14),(2,'2015-01-18','Аэрофлотская улица',175014,2,2,2,12),(3,'2015-02-22','Старая Басманная улица',292266,5,2,3,13),(4,'2015-07-13','Дубовая Роща, улица',134262,9,1,4,3),(5,'2013-03-13','Сиреневый бульвар',187311,7,1,5,17),(6,'2015-09-14','Артюхиной, улица',193876,6,6,6,8),(7,'2015-11-12','Муравская 2-я улица',213676,9,5,7,5),(8,'2013-06-06','Кольская улица',103768,2,6,8,15),(9,'2013-02-19','Новоконная площадь',192538,10,2,9,6),(10,'2015-10-23','Глубокий переулок',132296,9,1,10,15),(11,'2013-11-02','Сущёвский тупик',98636,10,1,11,1),(12,'2015-05-24','Щибровская улица',42227,8,6,12,16),(13,'2015-12-12','Турчанинов переулок',30271,2,4,13,15),(14,'2014-04-14','Новобутовская улица',59839,9,3,14,5),(15,'2014-03-25','Сельскохозяйственная улица',207676,9,1,15,5),(16,'2014-04-21','Донской 1-й проезд',153376,1,3,16,12),(17,'2014-10-17','Потылиха, улица',160288,10,6,17,2),(18,'2015-06-11','Монетчиковский 3-й переулок',46428,4,4,18,20),(19,'2014-11-29','Комсомольский проспект',130004,2,6,19,2),(20,'2014-11-13','Дорогомиловская Застава, площадь',183052,9,3,20,16),(21,'2013-03-21','Грекова, улица',75179,3,5,21,9),(22,'2015-12-22','Краснобогатырская улица',56466,4,5,22,9),(23,'2013-08-30','Староваганьковский переулок',40538,6,5,23,1),(24,'2013-01-20','Балаклавский проспект',119678,7,2,24,13),(25,'2014-05-18','Милашенкова, улица',87223,8,2,25,6),(26,'2014-09-21','Театральная аллея',49142,10,5,26,14),(27,'2014-10-23','Пивченкова, улица',54826,6,4,27,11),(28,'2015-08-01','Малый Саввинский переулок',266223,5,4,28,18),(29,'2015-11-19','Красного Маяка, улица',195672,5,3,29,20),(30,'2015-11-08','Домодедовская улица',72829,1,4,30,3),(31,'2015-12-09','Марьиной Рощи, 6-й проезд',46793,6,5,31,2),(32,'2014-03-10','Маршала Малиновского, улица',50870,9,6,32,2),(33,'2014-03-17','Останкинский проезд',39602,3,3,33,13),(34,'2013-05-07','Измайловский проезд',115319,3,4,34,10),(35,'2013-08-23','Хитровский переулок',83500,4,3,35,13),(36,'2013-02-10','Ножовый переулок',33448,10,5,36,7),(37,'2014-11-04','Павлика Морозова, улица',94187,1,2,37,10),(38,'2015-07-22','Фёдора Полетаева, улица',51060,4,4,38,3),(39,'2015-08-30','Бродников переулок',31215,1,3,39,3),(40,'2014-05-29','Дьяково Городище, 2-я улица',43528,8,1,40,7),(41,'2015-10-04','Семёновский Вал, улица',50739,9,1,41,13),(42,'2013-09-01','Бауманская 2-я улица',137473,2,6,42,11),(43,'2013-02-28','Радио, улица (Басманный район)',176567,6,3,43,4),(44,'2014-05-02','Нансена, проезд',141826,1,1,44,10),(45,'2013-06-24','Борисоглебский переулок',133327,7,2,45,17),(46,'2013-08-18','Вересаева, улица',104108,3,2,46,9),(47,'2015-10-27','Электрозаводская улица',36056,1,4,47,7),(48,'2014-10-03','Украинский бульвар',59324,5,2,48,14),(49,'2013-03-02','Дачно-Мещёрский 1-й проезд',91232,6,1,49,18),(50,'2015-11-04','Луганская улица',103584,2,3,50,11),(51,'2014-06-14','Малая Юшуньская улица',171018,2,4,51,18),(52,'2014-07-31','Беломорская улица',180109,2,6,52,11),(53,'2015-02-25','Зацепский тупик',62077,7,2,53,18),(54,'2015-07-15','Шувалова, улица',108118,10,3,54,2),(55,'2013-11-12','Ветлужская улица',100470,6,3,55,14),(56,'2013-08-19','Зои и Александра Космодемьянских, улица',59925,9,3,56,1),(57,'2013-04-14','Реутовская улица',110672,5,4,57,18),(58,'2014-12-21','Балчуг, улица',47879,7,2,58,10),(59,'2013-05-06','Елецкая улица',139672,6,2,59,3),(60,'2015-05-25','Лялина площадь',80082,9,3,60,12),(61,'2013-10-15','Ланинский переулок',59226,1,5,61,3),(62,'2015-11-24','Малый Дровяной переулок',19801,7,5,62,12),(63,'2014-02-23','Зверинецкая улица',98898,4,6,63,14),(64,'2013-11-23','Большая Внуковская улица',51366,2,4,64,13),(65,'2014-07-23','Котляковский проезд',125604,4,6,65,20),(66,'2013-10-16','Вознесенский переулок',105627,6,6,66,16),(67,'2015-12-30','Павелецкая набережная',107809,3,4,67,15),(68,'2013-08-21','Кренкеля, улица',150354,2,2,68,12),(69,'2015-05-20','Новоорловская улица',252637,10,2,69,15),(70,'2013-08-20','Лесной 1-й переулок',107974,4,5,70,8),(71,'2013-11-02','Тарусская улица',18634,7,1,71,10),(72,'2015-04-30','Чоботовская 8-я аллея',118433,7,5,72,13),(73,'2015-06-29','Гжельский переулок',57198,9,5,73,18),(74,'2015-02-07','Открытое шоссе',144807,9,1,74,13),(75,'2015-06-15','Огородная Слобода, переулок',57198,6,2,75,5),(76,'2014-09-28','Бухвостова 2-я улица',232746,5,1,76,5),(77,'2013-11-24','Большой Саввинский переулок',22987,9,1,77,13),(78,'2015-05-08','Шереметьевская улица',69306,7,3,78,7),(79,'2015-01-15','Таможенный проезд',17613,9,3,79,12),(80,'2015-07-25','Лужнецкая набережная',93870,2,4,80,14),(81,'2015-04-15','Малый Каковинский переулок',23214,10,4,81,14),(82,'2014-08-07','Яблонный переулок',187847,5,2,82,12),(83,'2014-01-31','Пронская улица',229322,5,5,83,2),(84,'2014-11-01','Измайловского Зверинца 2-я улица',167116,5,4,84,1),(85,'2014-02-18','Подбельского, 3-й проезд',71132,8,4,85,14),(86,'2013-04-16','Академика Зелинского, улица',83490,10,3,86,3),(87,'2014-01-09','Останкинская 2-я улица',210750,9,2,87,12),(88,'2014-06-08','Большой Предтеченский переулок',122355,10,3,88,6),(89,'2013-09-24','Старослободский переулок',30271,6,3,89,2),(90,'2015-11-22','Ильинские Ворота, площадь',91537,10,5,90,8),(91,'2015-11-02','Ухтомская улица',81912,1,1,91,12),(92,'2014-06-14','Северный бульвар',81860,2,1,92,20),(93,'2014-01-21','Большая Остроумовская улица',259902,3,2,93,6),(94,'2013-06-09','Арбат, улица',62430,2,4,94,13),(95,'2014-01-25','Сосинская улица',129253,8,2,95,1),(96,'2013-09-12','Вострухина, улица',150109,1,4,96,9),(97,'2015-06-30','Мичуринский Проспект, Олимпийская Деревня, улица',73868,2,5,97,17),(98,'2015-01-28','Нижняя Красносельская улица',59342,1,4,98,20),(99,'2015-05-30','Спасский тупик',152652,8,6,99,18),(100,'2014-08-22','Железнодорожная улица (Молжаниновский)',158283,6,2,100,14);
/*!40000 ALTER TABLE `StorageS_ordertable` ENABLE KEYS */;
UNLOCK TABLES;

--
-- Table structure for table `StorageS_product`
--

DROP TABLE IF EXISTS `StorageS_product`;
/*!40101 SET @saved_cs_client     = @@character_set_client */;
/*!40101 SET character_set_client = utf8 */;
CREATE TABLE `StorageS_product` (
  `id` int(11) NOT NULL AUTO_INCREMENT,
  `product_name` varchar(50) NOT NULL,
  `product_cost` double NOT NULL,
  `product_category` varchar(50) NOT NULL,
  `product_made` varchar(20) NOT NULL,
  PRIMARY KEY (`id`)
) ENGINE=InnoDB AUTO_INCREMENT=115 DEFAULT CHARSET=utf8;
/*!40101 SET character_set_client = @saved_cs_client */;

--
-- Dumping data for table `StorageS_product`
--

LOCK TABLES `StorageS_product` WRITE;
/*!40000 ALTER TABLE `StorageS_product` DISABLE KEYS */;
INSERT INTO `StorageS_product` VALUES (1,'Acer Aspire E5-511',51060,'Ноутбук','Китай'),(2,'Acer Aspire ES1-512',54826,'Ноутбук','Тайвань'),(3,'Acer Aspire E5-731G',46173,'Ноутбук','Китай'),(4,'Apple MacBook Pro MGX72RU/A',46941,'Ноутбук','Тайвань'),(5,'Apple MacBook Pro MGX82RU/A',48664,'Ноутбук','Индонезия'),(6,'Apple MacBook Pro MGXC2RU/A',21891,'Ноутбук','Тайвань'),(7,'ASUS G751JM',52543,'Ноутбук','Въетнам'),(8,'ASUS X553MA',49134,'Ноутбук','Тайвань'),(9,'ASUS G750JS',49128,'Ноутбук','Тайвань'),(10,'DELL Inspiron 3531',39624,'Ноутбук','Россия'),(11,'DELL Inspiron 3541',37415,'Ноутбук','Китай'),(12,'DELL Inspiron 7347',57198,'Ноутбук','Россия'),(13,'Fujitsu LIFEBOOK E544',15750,'Ноутбук','Россия'),(14,'Fujitsu LIFEBOOK E754',19035,'Ноутбук','Въетнам'),(15,'Fujitsu LIFEBOOK E782',49567,'Ноутбук','Тайвань'),(16,'HP 250 G3',37842,'Ноутбук','Китай'),(17,'HP 255 G3',23788,'Ноутбук','Россия'),(18,'HP ProBook 430 G2',53396,'Ноутбук','Китай'),(19,'Lenovo IdeaPad Z5070',35566,'Ноутбук','Тайвань'),(20,'Lenovo IdeaPad G5030',48467,'Ноутбук','Россия'),(21,'Lenovo B5070',43654,'Ноутбук','Тайвань'),(22,'MSI GT72',51884,'Ноутбук','Индонезия'),(23,'MSI CR70',36632,'Ноутбук','Тайвань'),(24,'MSI GT80',38823,'Ноутбук','Индонезия'),(25,'Samsung ATIV Book 9',21764,'Ноутбук','Китай'),(26,'Sony VAIO SV-T1122E2R',36163,'Ноутбук','Въетнам'),(27,'Sony VAIO SV-P1321I6R',42227,'Ноутбук','Китай'),(28,'Sony VAIO SV-P1322R4R',35561,'Ноутбук','Тайвань'),(29,'Toshiba Satellite P50T',22987,'Ноутбук','Тайвань'),(30,'Toshiba Portege Z30',30271,'Ноутбук','Россия'),(31,'Huawei Honor 4c',56633,'Смартфон','Тайвань'),(32,'Apple iPhone 6 16Gb',56226,'Смартфон','Въетнам'),(33,'ASUS Zenfone 2 Lazer ZE500KL 16Gb',51718,'Смартфон','Въетнам'),(34,'Microsoft Lumia 640 3G Dual Sim',52639,'Смартфон','Китай'),(35,'Huawei Honor 7 16Gb',38385,'Смартфон','Тайвань'),(36,'Sony Xperia Z3 Compact',54042,'Смартфон','Въетнам'),(37,'Meizu M2 Note 16Gb',37947,'Смартфон','Индонезия'),(38,'Sony Xperia Z5 Compact',31778,'Смартфон','Индонезия'),(39,'Microsoft Lumia 950 Dual Sim',42490,'Смартфон','Россия'),(40,'Microsoft Lumia 550',23214,'Смартфон','Въетнам'),(41,'Microsoft Lumia 640 LTE Dual Sim',22404,'Смартфон','Тайвань'),(42,'ASUS ZenFone 2 ZE551ML 32Gb Ram 4Gb',29662,'Смартфон','Россия'),(43,'Highscreen Power Five',15903,'Смартфон','Индонезия'),(44,'LG G4',49318,'Смартфон','Россия'),(45,'Meizu M2 mini',32105,'Смартфон','Россия'),(46,'Nokia Lumia 830',52883,'Смартфон','Китай'),(47,'Samsung Galaxy S6 32Gb',52736,'Смартфон','Китай'),(48,'Nokia X2 Dual sim',29983,'Смартфон','Китай'),(49,'Microsoft Lumia 435 Dual Sim',16724,'Смартфон','Китай'),(50,'Microsoft Lumia 950',17613,'Смартфон','Китай'),(51,'Apple iPhone 6S 64Gb',40729,'Смартфон','Въетнам'),(52,'Microsoft Lumia 640 XL 3G Dual Sim',27842,'Смартфон','Въетнам'),(53,'ASUS Zenfone 5 16Gb',32378,'Смартфон','Въетнам'),(54,'Microsoft Lumia 535 Dual',46935,'Смартфон','Тайвань'),(55,'ASUS ZenFone 2 16Gb',48512,'Смартфон','Индонезия'),(56,'Nokia Lumia 730 Dual sim',27395,'Смартфон','Индонезия'),(57,'ASUS Zenfone 2 Lazer ZE550KL',45186,'Смартфон','Въетнам'),(58,'Highscreen Boost 3',24571,'Смартфон','Китай'),(59,'ASUS ZenFone 2 ZE500CL',59759,'Смартфон','Индонезия'),(60,'Nokia Lumia 735',41750,'Смартфон','Китай'),(61,'Brother 1440',37698,'Принтер','Китай'),(62,'Brother MFC8840',51925,'Принтер','Въетнам'),(63,'Brother MFC8840D',25683,'Принтер','Въетнам'),(64,'Canon 30i',28233,'Принтер','Въетнам'),(65,'Canon 550i',49118,'Принтер','Россия'),(66,'Canon MP780',55434,'Принтер','Россия'),(67,'Canon MP800',43726,'Принтер','Китай'),(68,'Canon MP830',37904,'Принтер','Россия'),(69,'Canon MultiPass F30 (MFP)',45650,'Принтер','Китай'),(70,'Dell 1100',34372,'Принтер','Россия'),(71,'Dell 940',59925,'Принтер','Тайвань'),(72,'Dell A960',37268,'Принтер','Въетнам'),(73,'Dell P1500',18634,'Принтер','Тайвань'),(74,'Dell S2500',40538,'Принтер','Въетнам'),(75,'Epson LQ570',29613,'Принтер','Китай'),(76,'Epson LQ-590',23014,'Принтер','Россия'),(77,'Epson Stylus C20UX',30903,'Принтер','Россия'),(78,'Epson Stylus C60',45898,'Принтер','Въетнам'),(79,'Espon EPL-5800L',26585,'Принтер','Индонезия'),(80,'HP Color LaserJet 2500',32387,'Принтер','Индонезия'),(81,'HP Color LaserJet CP6015n',51792,'Принтер','Тайвань'),(82,'HP DeskJet F380',22196,'Принтер','Китай'),(83,'HP DeskJet 2050A',54059,'Принтер','Индонезия'),(84,'HP LaserJet 1010',31124,'Принтер','Тайвань'),(85,'HP LaserJet P4515n',43034,'Принтер','Индонезия'),(86,'HP Officejet 3015',46952,'Принтер','Россия'),(87,'HP OfficeJet G85xi',57007,'Принтер','Китай'),(88,'HP Photosmart 1000',37110,'Принтер','Китай'),(89,'HP PhotoSmart P1000',27808,'Принтер','Россия'),(90,'HP PSC 1110',46738,'Принтер','Въетнам'),(91,'HP PSC 1210',21120,'Принтер','Индонезия'),(92,'HP PSC 1300',20839,'Принтер','Тайвань'),(93,'HP PSC 7410',31215,'Принтер','Тайвань'),(94,'HP PSC 750',16838,'Принтер','Россия'),(95,'Kyocera 3800',48716,'Принтер','Тайвань'),(96,'Kyocera FS-1000',25435,'Принтер','Россия'),(97,'Kyocera FS-600',33459,'Принтер','Россия'),(98,'Kyocera FS-6700',48347,'Принтер','Въетнам'),(99,'Kyocera FS-680',45418,'Принтер','Китай'),(100,'Kyocera FS-7000',29436,'Принтер','Китай'),(101,'Lexmark 7000',38289,'Принтер','Индонезия'),(102,'Lexmark E232',45616,'Принтер','Индонезия'),(103,'Lexmark Z53',59839,'Принтер','Китай'),(104,'Lexmark Z818',53647,'Принтер','Индонезия'),(105,'OKIPAGE 8w Lite',47709,'Принтер','Индонезия'),(106,'Panasonic KX-MB1900',21265,'Принтер','Въетнам'),(107,'Samsung CLP-300',51960,'Принтер','Въетнам'),(108,'Samsung CLX-2160',40930,'Принтер','Россия'),(109,'Samsung SCX-4500W',24529,'Принтер','Индонезия'),(110,'Samsung SCX-4600',19398,'Принтер','Россия'),(111,'Xerox WorkCentre PE 220',19801,'Принтер','Тайвань'),(112,'Xerox Phaser 3117',36934,'Принтер','Индонезия'),(113,'Xerox Phaser 6010',18028,'Принтер','Китай'),(114,'Xerox WorkCentre 3045B',23393,'Принтер','Индонезия');
/*!40000 ALTER TABLE `StorageS_product` ENABLE KEYS */;
UNLOCK TABLES;

--
-- Table structure for table `auth_group`
--

DROP TABLE IF EXISTS `auth_group`;
/*!40101 SET @saved_cs_client     = @@character_set_client */;
/*!40101 SET character_set_client = utf8 */;
CREATE TABLE `auth_group` (
  `id` int(11) NOT NULL AUTO_INCREMENT,
  `name` varchar(80) NOT NULL,
  PRIMARY KEY (`id`),
  UNIQUE KEY `name` (`name`)
) ENGINE=InnoDB DEFAULT CHARSET=utf8;
/*!40101 SET character_set_client = @saved_cs_client */;

--
-- Dumping data for table `auth_group`
--

LOCK TABLES `auth_group` WRITE;
/*!40000 ALTER TABLE `auth_group` DISABLE KEYS */;
/*!40000 ALTER TABLE `auth_group` ENABLE KEYS */;
UNLOCK TABLES;

--
-- Table structure for table `auth_group_permissions`
--

DROP TABLE IF EXISTS `auth_group_permissions`;
/*!40101 SET @saved_cs_client     = @@character_set_client */;
/*!40101 SET character_set_client = utf8 */;
CREATE TABLE `auth_group_permissions` (
  `id` int(11) NOT NULL AUTO_INCREMENT,
  `group_id` int(11) NOT NULL,
  `permission_id` int(11) NOT NULL,
  PRIMARY KEY (`id`),
  UNIQUE KEY `auth_group_permissions_group_id_0cd325b0_uniq` (`group_id`,`permission_id`),
  KEY `auth_group_permissi_permission_id_84c5c92e_fk_auth_permission_id` (`permission_id`),
  CONSTRAINT `auth_group_permissions_group_id_b120cbf9_fk_auth_group_id` FOREIGN KEY (`group_id`) REFERENCES `auth_group` (`id`),
  CONSTRAINT `auth_group_permissi_permission_id_84c5c92e_fk_auth_permission_id` FOREIGN KEY (`permission_id`) REFERENCES `auth_permission` (`id`)
) ENGINE=InnoDB DEFAULT CHARSET=utf8;
/*!40101 SET character_set_client = @saved_cs_client */;

--
-- Dumping data for table `auth_group_permissions`
--

LOCK TABLES `auth_group_permissions` WRITE;
/*!40000 ALTER TABLE `auth_group_permissions` DISABLE KEYS */;
/*!40000 ALTER TABLE `auth_group_permissions` ENABLE KEYS */;
UNLOCK TABLES;

--
-- Table structure for table `auth_permission`
--

DROP TABLE IF EXISTS `auth_permission`;
/*!40101 SET @saved_cs_client     = @@character_set_client */;
/*!40101 SET character_set_client = utf8 */;
CREATE TABLE `auth_permission` (
  `id` int(11) NOT NULL AUTO_INCREMENT,
  `name` varchar(255) NOT NULL,
  `content_type_id` int(11) NOT NULL,
  `codename` varchar(100) NOT NULL,
  PRIMARY KEY (`id`),
  UNIQUE KEY `auth_permission_content_type_id_01ab375a_uniq` (`content_type_id`,`codename`),
  CONSTRAINT `auth_permissi_content_type_id_2f476e4b_fk_django_content_type_id` FOREIGN KEY (`content_type_id`) REFERENCES `django_content_type` (`id`)
) ENGINE=InnoDB AUTO_INCREMENT=46 DEFAULT CHARSET=utf8;
/*!40101 SET character_set_client = @saved_cs_client */;

--
-- Dumping data for table `auth_permission`
--

LOCK TABLES `auth_permission` WRITE;
/*!40000 ALTER TABLE `auth_permission` DISABLE KEYS */;
INSERT INTO `auth_permission` VALUES (1,'Can add client',1,'add_client'),(2,'Can change client',1,'change_client'),(3,'Can delete client',1,'delete_client'),(4,'Can add product',2,'add_product'),(5,'Can change product',2,'change_product'),(6,'Can delete product',2,'delete_product'),(7,'Can add branch',3,'add_branch'),(8,'Can change branch',3,'change_branch'),(9,'Can delete branch',3,'delete_branch'),(10,'Can add manager',4,'add_manager'),(11,'Can change manager',4,'change_manager'),(12,'Can delete manager',4,'delete_manager'),(13,'Can add auto',5,'add_auto'),(14,'Can change auto',5,'change_auto'),(15,'Can delete auto',5,'delete_auto'),(16,'Can add driver',6,'add_driver'),(17,'Can change driver',6,'change_driver'),(18,'Can delete driver',6,'delete_driver'),(19,'Can add order table',7,'add_ordertable'),(20,'Can change order table',7,'change_ordertable'),(21,'Can delete order table',7,'delete_ordertable'),(22,'Can add branch product',8,'add_branchproduct'),(23,'Can change branch product',8,'change_branchproduct'),(24,'Can delete branch product',8,'delete_branchproduct'),(25,'Can add order product',9,'add_orderproduct'),(26,'Can change order product',9,'change_orderproduct'),(27,'Can delete order product',9,'delete_orderproduct'),(28,'Can add log entry',10,'add_logentry'),(29,'Can change log entry',10,'change_logentry'),(30,'Can delete log entry',10,'delete_logentry'),(31,'Can add permission',11,'add_permission'),(32,'Can change permission',11,'change_permission'),(33,'Can delete permission',11,'delete_permission'),(34,'Can add group',12,'add_group'),(35,'Can change group',12,'change_group'),(36,'Can delete group',12,'delete_group'),(37,'Can add user',13,'add_user'),(38,'Can change user',13,'change_user'),(39,'Can delete user',13,'delete_user'),(40,'Can add content type',14,'add_contenttype'),(41,'Can change content type',14,'change_contenttype'),(42,'Can delete content type',14,'delete_contenttype'),(43,'Can add session',15,'add_session'),(44,'Can change session',15,'change_session'),(45,'Can delete session',15,'delete_session');
/*!40000 ALTER TABLE `auth_permission` ENABLE KEYS */;
UNLOCK TABLES;

--
-- Table structure for table `auth_user`
--

DROP TABLE IF EXISTS `auth_user`;
/*!40101 SET @saved_cs_client     = @@character_set_client */;
/*!40101 SET character_set_client = utf8 */;
CREATE TABLE `auth_user` (
  `id` int(11) NOT NULL AUTO_INCREMENT,
  `password` varchar(128) NOT NULL,
  `last_login` datetime DEFAULT NULL,
  `is_superuser` tinyint(1) NOT NULL,
  `username` varchar(30) NOT NULL,
  `first_name` varchar(30) NOT NULL,
  `last_name` varchar(30) NOT NULL,
  `email` varchar(254) NOT NULL,
  `is_staff` tinyint(1) NOT NULL,
  `is_active` tinyint(1) NOT NULL,
  `date_joined` datetime NOT NULL,
  PRIMARY KEY (`id`),
  UNIQUE KEY `username` (`username`)
) ENGINE=InnoDB AUTO_INCREMENT=2 DEFAULT CHARSET=utf8;
/*!40101 SET character_set_client = @saved_cs_client */;

--
-- Dumping data for table `auth_user`
--

LOCK TABLES `auth_user` WRITE;
/*!40000 ALTER TABLE `auth_user` DISABLE KEYS */;
INSERT INTO `auth_user` VALUES (1,'pbkdf2_sha256$24000$qdCYcLXQFOp1$i6MGT2/rUoxgimCOyefcume+SxFj1TNXs/chOgRVoXs=','2016-01-01 09:01:00',1,'admin','','','',1,1,'2016-01-01 09:00:47');
/*!40000 ALTER TABLE `auth_user` ENABLE KEYS */;
UNLOCK TABLES;

--
-- Table structure for table `auth_user_groups`
--

DROP TABLE IF EXISTS `auth_user_groups`;
/*!40101 SET @saved_cs_client     = @@character_set_client */;
/*!40101 SET character_set_client = utf8 */;
CREATE TABLE `auth_user_groups` (
  `id` int(11) NOT NULL AUTO_INCREMENT,
  `user_id` int(11) NOT NULL,
  `group_id` int(11) NOT NULL,
  PRIMARY KEY (`id`),
  UNIQUE KEY `auth_user_groups_user_id_94350c0c_uniq` (`user_id`,`group_id`),
  KEY `auth_user_groups_group_id_97559544_fk_auth_group_id` (`group_id`),
  CONSTRAINT `auth_user_groups_group_id_97559544_fk_auth_group_id` FOREIGN KEY (`group_id`) REFERENCES `auth_group` (`id`),
  CONSTRAINT `auth_user_groups_user_id_6a12ed8b_fk_auth_user_id` FOREIGN KEY (`user_id`) REFERENCES `auth_user` (`id`)
) ENGINE=InnoDB DEFAULT CHARSET=utf8;
/*!40101 SET character_set_client = @saved_cs_client */;

--
-- Dumping data for table `auth_user_groups`
--

LOCK TABLES `auth_user_groups` WRITE;
/*!40000 ALTER TABLE `auth_user_groups` DISABLE KEYS */;
/*!40000 ALTER TABLE `auth_user_groups` ENABLE KEYS */;
UNLOCK TABLES;

--
-- Table structure for table `auth_user_user_permissions`
--

DROP TABLE IF EXISTS `auth_user_user_permissions`;
/*!40101 SET @saved_cs_client     = @@character_set_client */;
/*!40101 SET character_set_client = utf8 */;
CREATE TABLE `auth_user_user_permissions` (
  `id` int(11) NOT NULL AUTO_INCREMENT,
  `user_id` int(11) NOT NULL,
  `permission_id` int(11) NOT NULL,
  PRIMARY KEY (`id`),
  UNIQUE KEY `auth_user_user_permissions_user_id_14a6b632_uniq` (`user_id`,`permission_id`),
  KEY `auth_user_user_perm_permission_id_1fbb5f2c_fk_auth_permission_id` (`permission_id`),
  CONSTRAINT `auth_user_user_permissions_user_id_a95ead1b_fk_auth_user_id` FOREIGN KEY (`user_id`) REFERENCES `auth_user` (`id`),
  CONSTRAINT `auth_user_user_perm_permission_id_1fbb5f2c_fk_auth_permission_id` FOREIGN KEY (`permission_id`) REFERENCES `auth_permission` (`id`)
) ENGINE=InnoDB DEFAULT CHARSET=utf8;
/*!40101 SET character_set_client = @saved_cs_client */;

--
-- Dumping data for table `auth_user_user_permissions`
--

LOCK TABLES `auth_user_user_permissions` WRITE;
/*!40000 ALTER TABLE `auth_user_user_permissions` DISABLE KEYS */;
/*!40000 ALTER TABLE `auth_user_user_permissions` ENABLE KEYS */;
UNLOCK TABLES;

--
-- Table structure for table `django_admin_log`
--

DROP TABLE IF EXISTS `django_admin_log`;
/*!40101 SET @saved_cs_client     = @@character_set_client */;
/*!40101 SET character_set_client = utf8 */;
CREATE TABLE `django_admin_log` (
  `id` int(11) NOT NULL AUTO_INCREMENT,
  `action_time` datetime NOT NULL,
  `object_id` longtext,
  `object_repr` varchar(200) NOT NULL,
  `action_flag` smallint(5) unsigned NOT NULL,
  `change_message` longtext NOT NULL,
  `content_type_id` int(11) DEFAULT NULL,
  `user_id` int(11) NOT NULL,
  PRIMARY KEY (`id`),
  KEY `django_admin__content_type_id_c4bce8eb_fk_django_content_type_id` (`content_type_id`),
  KEY `django_admin_log_user_id_c564eba6_fk_auth_user_id` (`user_id`),
  CONSTRAINT `django_admin_log_user_id_c564eba6_fk_auth_user_id` FOREIGN KEY (`user_id`) REFERENCES `auth_user` (`id`),
  CONSTRAINT `django_admin__content_type_id_c4bce8eb_fk_django_content_type_id` FOREIGN KEY (`content_type_id`) REFERENCES `django_content_type` (`id`)
) ENGINE=InnoDB DEFAULT CHARSET=utf8;
/*!40101 SET character_set_client = @saved_cs_client */;

--
-- Dumping data for table `django_admin_log`
--

LOCK TABLES `django_admin_log` WRITE;
/*!40000 ALTER TABLE `django_admin_log` DISABLE KEYS */;
/*!40000 ALTER TABLE `django_admin_log` ENABLE KEYS */;
UNLOCK TABLES;

--
-- Table structure for table `django_content_type`
--

DROP TABLE IF EXISTS `django_content_type`;
/*!40101 SET @saved_cs_client     = @@character_set_client */;
/*!40101 SET character_set_client = utf8 */;
CREATE TABLE `django_content_type` (
  `id` int(11) NOT NULL AUTO_INCREMENT,
  `app_label` varchar(100) NOT NULL,
  `model` varchar(100) NOT NULL,
  PRIMARY KEY (`id`),
  UNIQUE KEY `django_content_type_app_label_76bd3d3b_uniq` (`app_label`,`model`)
) ENGINE=InnoDB AUTO_INCREMENT=16 DEFAULT CHARSET=utf8;
/*!40101 SET character_set_client = @saved_cs_client */;

--
-- Dumping data for table `django_content_type`
--

LOCK TABLES `django_content_type` WRITE;
/*!40000 ALTER TABLE `django_content_type` DISABLE KEYS */;
INSERT INTO `django_content_type` VALUES (10,'admin','logentry'),(12,'auth','group'),(11,'auth','permission'),(13,'auth','user'),(14,'contenttypes','contenttype'),(15,'sessions','session'),(5,'StorageS','auto'),(3,'StorageS','branch'),(8,'StorageS','branchproduct'),(1,'StorageS','client'),(6,'StorageS','driver'),(4,'StorageS','manager'),(9,'StorageS','orderproduct'),(7,'StorageS','ordertable'),(2,'StorageS','product');
/*!40000 ALTER TABLE `django_content_type` ENABLE KEYS */;
UNLOCK TABLES;

--
-- Table structure for table `django_migrations`
--

DROP TABLE IF EXISTS `django_migrations`;
/*!40101 SET @saved_cs_client     = @@character_set_client */;
/*!40101 SET character_set_client = utf8 */;
CREATE TABLE `django_migrations` (
  `id` int(11) NOT NULL AUTO_INCREMENT,
  `app` varchar(255) NOT NULL,
  `name` varchar(255) NOT NULL,
  `applied` datetime NOT NULL,
  PRIMARY KEY (`id`)
) ENGINE=InnoDB AUTO_INCREMENT=23 DEFAULT CHARSET=utf8;
/*!40101 SET character_set_client = @saved_cs_client */;

--
-- Dumping data for table `django_migrations`
--

LOCK TABLES `django_migrations` WRITE;
/*!40000 ALTER TABLE `django_migrations` DISABLE KEYS */;
INSERT INTO `django_migrations` VALUES (1,'StorageS','0001_initial','2015-12-31 17:43:16'),(2,'StorageS','0002_ordertable_order_type','2015-12-31 17:43:17'),(3,'StorageS','0003_remove_product_product_description','2015-12-31 17:43:17'),(4,'StorageS','0004_auto_20151230_1812','2015-12-31 17:43:17'),(5,'StorageS','0005_remove_auto_auto_status','2015-12-31 17:43:18'),(6,'StorageS','0006_remove_driver_branch','2015-12-31 17:43:18'),(7,'StorageS','0007_remove_ordertable_order_type','2015-12-31 17:43:19'),(8,'StorageS','0008_auto_20151230_2240','2015-12-31 17:43:19'),(9,'StorageS','0009_auto_20151231_2022','2015-12-31 17:43:19'),(10,'contenttypes','0001_initial','2015-12-31 17:43:20'),(11,'auth','0001_initial','2015-12-31 17:43:23'),(12,'admin','0001_initial','2015-12-31 17:43:25'),(13,'admin','0002_logentry_remove_auto_add','2015-12-31 17:43:25'),(14,'contenttypes','0002_remove_content_type_name','2015-12-31 17:43:25'),(15,'auth','0002_alter_permission_name_max_length','2015-12-31 17:43:26'),(16,'auth','0003_alter_user_email_max_length','2015-12-31 17:43:26'),(17,'auth','0004_alter_user_username_opts','2015-12-31 17:43:26'),(18,'auth','0005_alter_user_last_login_null','2015-12-31 17:43:26'),(19,'auth','0006_require_contenttypes_0002','2015-12-31 17:43:26'),(20,'auth','0007_alter_validators_add_error_messages','2015-12-31 17:43:27'),(21,'sessions','0001_initial','2015-12-31 17:43:27'),(22,'StorageS','0010_auto_20151231_2046','2015-12-31 17:46:29');
/*!40000 ALTER TABLE `django_migrations` ENABLE KEYS */;
UNLOCK TABLES;

--
-- Table structure for table `django_session`
--

DROP TABLE IF EXISTS `django_session`;
/*!40101 SET @saved_cs_client     = @@character_set_client */;
/*!40101 SET character_set_client = utf8 */;
CREATE TABLE `django_session` (
  `session_key` varchar(40) NOT NULL,
  `session_data` longtext NOT NULL,
  `expire_date` datetime NOT NULL,
  PRIMARY KEY (`session_key`),
  KEY `django_session_de54fa62` (`expire_date`)
) ENGINE=InnoDB DEFAULT CHARSET=utf8;
/*!40101 SET character_set_client = @saved_cs_client */;

--
-- Dumping data for table `django_session`
--

LOCK TABLES `django_session` WRITE;
/*!40000 ALTER TABLE `django_session` DISABLE KEYS */;
INSERT INTO `django_session` VALUES ('9yyfb0kbjpoiz0ztzw2cxq14e8wog1zv','ODhiNmM3NjdkODk0MmU5NTNjODNkODBlMjJjMGRjZWFmNTQ1Mzg3ODp7Il9hdXRoX3VzZXJfYmFja2VuZCI6ImRqYW5nby5jb250cmliLmF1dGguYmFja2VuZHMuTW9kZWxCYWNrZW5kIiwiX2F1dGhfdXNlcl9pZCI6IjEiLCJfYXV0aF91c2VyX2hhc2giOiIzNDI3OGJjZWE1OWYzMmEzMDRhMzlmMTk0OGVmMWJjM2QwMDExN2JkIn0=','2016-01-15 09:01:00');
/*!40000 ALTER TABLE `django_session` ENABLE KEYS */;
UNLOCK TABLES;
/*!40103 SET TIME_ZONE=@OLD_TIME_ZONE */;

/*!40101 SET SQL_MODE=@OLD_SQL_MODE */;
/*!40014 SET FOREIGN_KEY_CHECKS=@OLD_FOREIGN_KEY_CHECKS */;
/*!40014 SET UNIQUE_CHECKS=@OLD_UNIQUE_CHECKS */;
/*!40101 SET CHARACTER_SET_CLIENT=@OLD_CHARACTER_SET_CLIENT */;
/*!40101 SET CHARACTER_SET_RESULTS=@OLD_CHARACTER_SET_RESULTS */;
/*!40101 SET COLLATION_CONNECTION=@OLD_COLLATION_CONNECTION */;
/*!40111 SET SQL_NOTES=@OLD_SQL_NOTES */;

-- Dump completed on 2016-01-01 12:17:30
