-- MySQL dump 10.13  Distrib 5.5.46, for debian-linux-gnu (x86_64)
--
-- Host: localhost    Database: StorageDB
-- ------------------------------------------------------
-- Server version	5.5.46-0ubuntu0.14.04.2

/*!40101 SET @OLD_CHARACTER_SET_CLIENT=@@CHARACTER_SET_CLIENT */;
/*!40101 SET @OLD_CHARACTER_SET_RESULTS=@@CHARACTER_SET_RESULTS */;
/*!40101 SET @OLD_COLLATION_CONNECTION=@@COLLATION_CONNECTION */;
/*!40101 SET NAMES utf8 */;
/*!40103 SET @OLD_TIME_ZONE=@@TIME_ZONE */;
/*!40103 SET TIME_ZONE='+00:00' */;
/*!40014 SET @OLD_UNIQUE_CHECKS=@@UNIQUE_CHECKS, UNIQUE_CHECKS=0 */;
/*!40014 SET @OLD_FOREIGN_KEY_CHECKS=@@FOREIGN_KEY_CHECKS, FOREIGN_KEY_CHECKS=0 */;
/*!40101 SET @OLD_SQL_MODE=@@SQL_MODE, SQL_MODE='NO_AUTO_VALUE_ON_ZERO' */;
/*!40111 SET @OLD_SQL_NOTES=@@SQL_NOTES, SQL_NOTES=0 */;

--
-- Table structure for table `StorageS_auto`
--

DROP TABLE IF EXISTS `StorageS_auto`;
/*!40101 SET @saved_cs_client     = @@character_set_client */;
/*!40101 SET character_set_client = utf8 */;
CREATE TABLE `StorageS_auto` (
  `id` int(11) NOT NULL AUTO_INCREMENT,
  `auto_model` varchar(50) NOT NULL,
  `auto_number` varchar(15) NOT NULL,
  `branch_id` int(11) NOT NULL,
  PRIMARY KEY (`id`),
  KEY `StorageS_auto_09fd5b13` (`branch_id`),
  CONSTRAINT `StorageS_auto_branch_id_eb158d4a_fk_StorageS_branch_id` FOREIGN KEY (`branch_id`) REFERENCES `StorageS_branch` (`id`)
) ENGINE=InnoDB AUTO_INCREMENT=61 DEFAULT CHARSET=utf8;
/*!40101 SET character_set_client = @saved_cs_client */;

--
-- Dumping data for table `StorageS_auto`
--

LOCK TABLES `StorageS_auto` WRITE;
/*!40000 ALTER TABLE `StorageS_auto` DISABLE KEYS */;
INSERT INTO `StorageS_auto` VALUES (1,'Газель Next','н665ее177RUS',1),(2,'Peugeot Boxer','н398ен177RUS',1),(3,'Fiat Ducato','т802ан77RUS',1),(4,'Газель Next','т101хм97RUS',1),(5,'Iveco Daily','м225хт177RUS',1),(6,'Газель Next','у939ор97RUS',1),(7,'Iveco Daily','т882тх77RUS',1),(8,'Ford Transit','к030хм177RUS',1),(9,'Iveco Daily','х851хт777RUS',1),(10,'Peugeot Boxer','с490ан197RUS',1),(11,'Peugeot Boxer','т049хв197RUS',2),(12,'Peugeot Boxer','м570са77RUS',2),(13,'Iveco Daily','х888ее77RUS',2),(14,'Hyundai Porter','к292мн777RUS',2),(15,'Fiat Ducato','н218ао77RUS',2),(16,'Peugeot Boxer','с089мн77RUS',2),(17,'Iveco Daily','е137ву197RUS',2),(18,'Iveco Daily','у087ев197RUS',2),(19,'Iveco Daily','х383мо77RUS',2),(20,'Газель Next','м475рн197RUS',2),(21,'Peugeot Boxer','о476ос777RUS',3),(22,'Peugeot Boxer','о773рт97RUS',3),(23,'Hyundai Porter','н546ас777RUS',3),(24,'Peugeot Boxer','в879ат77RUS',3),(25,'Hyundai Porter','к152мк177RUS',3),(26,'Iveco Daily','к344рт77RUS',3),(27,'Fiat Ducato','к576ке777RUS',3),(28,'Hyundai Porter','х814нн97RUS',3),(29,'Газель Next','а517хо97RUS',3),(30,'Газель Next','р318ео77RUS',3),(31,'Iveco Daily','н709ес97RUS',4),(32,'Peugeot Boxer','н219хт197RUS',4),(33,'Hyundai Porter','н775ун777RUS',4),(34,'Газель Next','х861вв177RUS',4),(35,'Газель Next','с197ех777RUS',4),(36,'Газель Next','о291кв197RUS',4),(37,'Ford Transit','е590хр777RUS',4),(38,'Fiat Ducato','о047рс97RUS',4),(39,'Hyundai Porter','н431вк97RUS',4),(40,'Iveco Daily','х178тр777RUS',4),(41,'Газель Next','р095мв197RUS',5),(42,'Fiat Ducato','т137ен97RUS',5),(43,'Peugeot Boxer','м462он177RUS',5),(44,'Hyundai Porter','н216нх777RUS',5),(45,'Hyundai Porter','н476ок97RUS',5),(46,'Peugeot Boxer','е153мк77RUS',5),(47,'Fiat Ducato','о430ту97RUS',5),(48,'Iveco Daily','в077мс77RUS',5),(49,'Fiat Ducato','м287ун77RUS',5),(50,'Fiat Ducato','с916рк77RUS',5),(51,'Peugeot Boxer','т904ов177RUS',6),(52,'Iveco Daily','т286сс777RUS',6),(53,'Peugeot Boxer','о125вх77RUS',6),(54,'Ford Transit','т438уу77RUS',6),(55,'Peugeot Boxer','с848хм77RUS',6),(56,'Ford Transit','в292тс77RUS',6),(57,'Peugeot Boxer','н841ск177RUS',6),(58,'Hyundai Porter','с046тс777RUS',6),(59,'Peugeot Boxer','н718ос197RUS',6),(60,'Fiat Ducato','н532оо197RUS',6);
/*!40000 ALTER TABLE `StorageS_auto` ENABLE KEYS */;
UNLOCK TABLES;

--
-- Table structure for table `StorageS_branch`
--

DROP TABLE IF EXISTS `StorageS_branch`;
/*!40101 SET @saved_cs_client     = @@character_set_client */;
/*!40101 SET character_set_client = utf8 */;
CREATE TABLE `StorageS_branch` (
  `id` int(11) NOT NULL AUTO_INCREMENT,
  `branch_address` varchar(100) NOT NULL,
  PRIMARY KEY (`id`)
) ENGINE=InnoDB AUTO_INCREMENT=7 DEFAULT CHARSET=utf8;
/*!40101 SET character_set_client = @saved_cs_client */;

--
-- Dumping data for table `StorageS_branch`
--

LOCK TABLES `StorageS_branch` WRITE;
/*!40000 ALTER TABLE `StorageS_branch` DISABLE KEYS */;
INSERT INTO `StorageS_branch` VALUES (1,'Сумская ул.'),(2,'ул. Ватутина'),(3,'Пятницкая ул.'),(4,'ул. Костякова'),(5,'ул. Хромова'),(6,'ул. Михайлова');
/*!40000 ALTER TABLE `StorageS_branch` ENABLE KEYS */;
UNLOCK TABLES;

--
-- Table structure for table `StorageS_branchproduct`
--

DROP TABLE IF EXISTS `StorageS_branchproduct`;
/*!40101 SET @saved_cs_client     = @@character_set_client */;
/*!40101 SET character_set_client = utf8 */;
CREATE TABLE `StorageS_branchproduct` (
  `id` int(11) NOT NULL AUTO_INCREMENT,
  `product_rest` int(11) NOT NULL,
  `branch_id` int(11) NOT NULL,
  `product_id` int(11) NOT NULL,
  PRIMARY KEY (`id`),
  KEY `StorageS_branchproduct_branch_id_28bb3361_fk_StorageS_branch_id` (`branch_id`),
  KEY `StorageS_branchproduct_9bea82de` (`product_id`),
  CONSTRAINT `StorageS_branchproduc_product_id_e71e4e72_fk_StorageS_product_id` FOREIGN KEY (`product_id`) REFERENCES `StorageS_product` (`id`),
  CONSTRAINT `StorageS_branchproduct_branch_id_28bb3361_fk_StorageS_branch_id` FOREIGN KEY (`branch_id`) REFERENCES `StorageS_branch` (`id`)
) ENGINE=InnoDB AUTO_INCREMENT=685 DEFAULT CHARSET=utf8;
/*!40101 SET character_set_client = @saved_cs_client */;

--
-- Dumping data for table `StorageS_branchproduct`
--

LOCK TABLES `StorageS_branchproduct` WRITE;
/*!40000 ALTER TABLE `StorageS_branchproduct` DISABLE KEYS */;
INSERT INTO `StorageS_branchproduct` VALUES (1,10,1,1),(2,7,1,2),(3,9,1,3),(4,9,1,4),(5,3,1,5),(6,0,1,6),(7,3,1,7),(8,0,1,8),(9,1,1,9),(10,0,1,10),(11,10,1,11),(12,2,1,12),(13,5,1,13),(14,5,1,14),(15,10,1,15),(16,8,1,16),(17,4,1,17),(18,6,1,18),(19,4,1,19),(20,5,1,20),(21,1,1,21),(22,1,1,22),(23,7,1,23),(24,0,1,24),(25,7,1,25),(26,3,1,26),(27,2,1,27),(28,10,1,28),(29,5,1,29),(30,1,1,30),(31,1,1,31),(32,6,1,32),(33,4,1,33),(34,5,1,34),(35,4,1,35),(36,9,1,36),(37,4,1,37),(38,6,1,38),(39,5,1,39),(40,3,1,40),(41,10,1,41),(42,10,1,42),(43,7,1,43),(44,6,1,44),(45,0,1,45),(46,8,1,46),(47,9,1,47),(48,2,1,48),(49,8,1,49),(50,8,1,50),(51,5,1,51),(52,1,1,52),(53,9,1,53),(54,2,1,54),(55,10,1,55),(56,7,1,56),(57,0,1,57),(58,9,1,58),(59,10,1,59),(60,3,1,60),(61,0,1,61),(62,9,1,62),(63,2,1,63),(64,3,1,64),(65,10,1,65),(66,6,1,66),(67,10,1,67),(68,10,1,68),(69,3,1,69),(70,0,1,70),(71,9,1,71),(72,9,1,72),(73,3,1,73),(74,4,1,74),(75,2,1,75),(76,8,1,76),(77,4,1,77),(78,8,1,78),(79,7,1,79),(80,1,1,80),(81,1,1,81),(82,7,1,82),(83,9,1,83),(84,3,1,84),(85,8,1,85),(86,4,1,86),(87,2,1,87),(88,5,1,88),(89,7,1,89),(90,10,1,90),(91,4,1,91),(92,1,1,92),(93,5,1,93),(94,7,1,94),(95,3,1,95),(96,10,1,96),(97,8,1,97),(98,9,1,98),(99,10,1,99),(100,3,1,100),(101,1,1,101),(102,1,1,102),(103,6,1,103),(104,0,1,104),(105,7,1,105),(106,9,1,106),(107,2,1,107),(108,3,1,108),(109,7,1,109),(110,0,1,110),(111,0,1,111),(112,2,1,112),(113,9,1,113),(114,10,1,114),(115,7,2,1),(116,3,2,2),(117,3,2,3),(118,6,2,4),(119,3,2,5),(120,2,2,6),(121,8,2,7),(122,3,2,8),(123,7,2,9),(124,7,2,10),(125,7,2,11),(126,3,2,12),(127,0,2,13),(128,7,2,14),(129,4,2,15),(130,6,2,16),(131,3,2,17),(132,0,2,18),(133,2,2,19),(134,4,2,20),(135,0,2,21),(136,2,2,22),(137,0,2,23),(138,6,2,24),(139,2,2,25),(140,9,2,26),(141,2,2,27),(142,9,2,28),(143,9,2,29),(144,10,2,30),(145,5,2,31),(146,0,2,32),(147,10,2,33),(148,0,2,34),(149,7,2,35),(150,0,2,36),(151,1,2,37),(152,6,2,38),(153,3,2,39),(154,8,2,40),(155,5,2,41),(156,4,2,42),(157,5,2,43),(158,9,2,44),(159,2,2,45),(160,8,2,46),(161,9,2,47),(162,6,2,48),(163,3,2,49),(164,0,2,50),(165,4,2,51),(166,0,2,52),(167,8,2,53),(168,4,2,54),(169,8,2,55),(170,1,2,56),(171,0,2,57),(172,8,2,58),(173,9,2,59),(174,4,2,60),(175,3,2,61),(176,5,2,62),(177,9,2,63),(178,9,2,64),(179,1,2,65),(180,8,2,66),(181,8,2,67),(182,2,2,68),(183,1,2,69),(184,7,2,70),(185,4,2,71),(186,5,2,72),(187,2,2,73),(188,3,2,74),(189,9,2,75),(190,0,2,76),(191,6,2,77),(192,1,2,78),(193,10,2,79),(194,4,2,80),(195,4,2,81),(196,4,2,82),(197,5,2,83),(198,2,2,84),(199,5,2,85),(200,4,2,86),(201,0,2,87),(202,1,2,88),(203,9,2,89),(204,0,2,90),(205,10,2,91),(206,10,2,92),(207,3,2,93),(208,10,2,94),(209,9,2,95),(210,4,2,96),(211,7,2,97),(212,3,2,98),(213,7,2,99),(214,8,2,100),(215,4,2,101),(216,10,2,102),(217,1,2,103),(218,9,2,104),(219,6,2,105),(220,8,2,106),(221,5,2,107),(222,0,2,108),(223,7,2,109),(224,5,2,110),(225,5,2,111),(226,0,2,112),(227,10,2,113),(228,4,2,114),(229,8,3,1),(230,9,3,2),(231,3,3,3),(232,0,3,4),(233,4,3,5),(234,7,3,6),(235,6,3,7),(236,9,3,8),(237,0,3,9),(238,5,3,10),(239,9,3,11),(240,6,3,12),(241,3,3,13),(242,4,3,14),(243,0,3,15),(244,7,3,16),(245,5,3,17),(246,8,3,18),(247,3,3,19),(248,9,3,20),(249,3,3,21),(250,4,3,22),(251,9,3,23),(252,1,3,24),(253,4,3,25),(254,2,3,26),(255,6,3,27),(256,3,3,28),(257,8,3,29),(258,6,3,30),(259,6,3,31),(260,6,3,32),(261,5,3,33),(262,7,3,34),(263,8,3,35),(264,6,3,36),(265,7,3,37),(266,4,3,38),(267,2,3,39),(268,1,3,40),(269,6,3,41),(270,10,3,42),(271,10,3,43),(272,2,3,44),(273,9,3,45),(274,3,3,46),(275,2,3,47),(276,9,3,48),(277,5,3,49),(278,6,3,50),(279,3,3,51),(280,6,3,52),(281,4,3,53),(282,9,3,54),(283,7,3,55),(284,1,3,56),(285,5,3,57),(286,4,3,58),(287,0,3,59),(288,10,3,60),(289,8,3,61),(290,0,3,62),(291,2,3,63),(292,3,3,64),(293,2,3,65),(294,6,3,66),(295,10,3,67),(296,9,3,68),(297,5,3,69),(298,7,3,70),(299,2,3,71),(300,9,3,72),(301,1,3,73),(302,1,3,74),(303,1,3,75),(304,0,3,76),(305,1,3,77),(306,6,3,78),(307,10,3,79),(308,3,3,80),(309,3,3,81),(310,4,3,82),(311,3,3,83),(312,1,3,84),(313,2,3,85),(314,0,3,86),(315,0,3,87),(316,6,3,88),(317,0,3,89),(318,5,3,90),(319,3,3,91),(320,10,3,92),(321,1,3,93),(322,3,3,94),(323,6,3,95),(324,10,3,96),(325,10,3,97),(326,10,3,98),(327,8,3,99),(328,7,3,100),(329,5,3,101),(330,6,3,102),(331,0,3,103),(332,8,3,104),(333,4,3,105),(334,8,3,106),(335,5,3,107),(336,1,3,108),(337,8,3,109),(338,0,3,110),(339,4,3,111),(340,6,3,112),(341,0,3,113),(342,6,3,114),(343,4,4,1),(344,6,4,2),(345,0,4,3),(346,1,4,4),(347,7,4,5),(348,10,4,6),(349,9,4,7),(350,5,4,8),(351,8,4,9),(352,4,4,10),(353,0,4,11),(354,10,4,12),(355,3,4,13),(356,6,4,14),(357,9,4,15),(358,1,4,16),(359,0,4,17),(360,9,4,18),(361,10,4,19),(362,8,4,20),(363,4,4,21),(364,5,4,22),(365,5,4,23),(366,6,4,24),(367,6,4,25),(368,0,4,26),(369,6,4,27),(370,4,4,28),(371,5,4,29),(372,9,4,30),(373,5,4,31),(374,9,4,32),(375,2,4,33),(376,0,4,34),(377,5,4,35),(378,4,4,36),(379,2,4,37),(380,10,4,38),(381,3,4,39),(382,5,4,40),(383,0,4,41),(384,2,4,42),(385,3,4,43),(386,2,4,44),(387,5,4,45),(388,8,4,46),(389,2,4,47),(390,5,4,48),(391,9,4,49),(392,5,4,50),(393,10,4,51),(394,4,4,52),(395,5,4,53),(396,6,4,54),(397,5,4,55),(398,4,4,56),(399,7,4,57),(400,1,4,58),(401,0,4,59),(402,8,4,60),(403,4,4,61),(404,0,4,62),(405,10,4,63),(406,0,4,64),(407,5,4,65),(408,9,4,66),(409,7,4,67),(410,7,4,68),(411,6,4,69),(412,2,4,70),(413,9,4,71),(414,4,4,72),(415,10,4,73),(416,2,4,74),(417,4,4,75),(418,1,4,76),(419,10,4,77),(420,9,4,78),(421,0,4,79),(422,10,4,80),(423,6,4,81),(424,1,4,82),(425,10,4,83),(426,8,4,84),(427,6,4,85),(428,5,4,86),(429,0,4,87),(430,7,4,88),(431,7,4,89),(432,7,4,90),(433,9,4,91),(434,0,4,92),(435,6,4,93),(436,0,4,94),(437,3,4,95),(438,0,4,96),(439,3,4,97),(440,2,4,98),(441,2,4,99),(442,5,4,100),(443,8,4,101),(444,0,4,102),(445,2,4,103),(446,5,4,104),(447,9,4,105),(448,10,4,106),(449,7,4,107),(450,7,4,108),(451,1,4,109),(452,10,4,110),(453,8,4,111),(454,3,4,112),(455,7,4,113),(456,2,4,114),(457,8,5,1),(458,0,5,2),(459,3,5,3),(460,1,5,4),(461,2,5,5),(462,3,5,6),(463,10,5,7),(464,1,5,8),(465,9,5,9),(466,1,5,10),(467,5,5,11),(468,9,5,12),(469,9,5,13),(470,3,5,14),(471,4,5,15),(472,7,5,16),(473,10,5,17),(474,5,5,18),(475,0,5,19),(476,2,5,20),(477,2,5,21),(478,2,5,22),(479,9,5,23),(480,8,5,24),(481,3,5,25),(482,2,5,26),(483,4,5,27),(484,10,5,28),(485,1,5,29),(486,1,5,30),(487,8,5,31),(488,5,5,32),(489,2,5,33),(490,5,5,34),(491,5,5,35),(492,3,5,36),(493,9,5,37),(494,7,5,38),(495,10,5,39),(496,6,5,40),(497,6,5,41),(498,3,5,42),(499,10,5,43),(500,8,5,44),(501,7,5,45),(502,6,5,46),(503,2,5,47),(504,10,5,48),(505,4,5,49),(506,8,5,50),(507,3,5,51),(508,3,5,52),(509,4,5,53),(510,0,5,54),(511,9,5,55),(512,8,5,56),(513,9,5,57),(514,9,5,58),(515,6,5,59),(516,4,5,60),(517,2,5,61),(518,2,5,62),(519,8,5,63),(520,5,5,64),(521,6,5,65),(522,0,5,66),(523,5,5,67),(524,5,5,68),(525,2,5,69),(526,2,5,70),(527,0,5,71),(528,7,5,72),(529,5,5,73),(530,10,5,74),(531,5,5,75),(532,6,5,76),(533,8,5,77),(534,5,5,78),(535,9,5,79),(536,9,5,80),(537,1,5,81),(538,3,5,82),(539,0,5,83),(540,0,5,84),(541,4,5,85),(542,5,5,86),(543,4,5,87),(544,3,5,88),(545,6,5,89),(546,7,5,90),(547,10,5,91),(548,0,5,92),(549,10,5,93),(550,9,5,94),(551,3,5,95),(552,0,5,96),(553,7,5,97),(554,5,5,98),(555,5,5,99),(556,6,5,100),(557,4,5,101),(558,4,5,102),(559,5,5,103),(560,9,5,104),(561,10,5,105),(562,8,5,106),(563,1,5,107),(564,1,5,108),(565,3,5,109),(566,8,5,110),(567,8,5,111),(568,10,5,112),(569,7,5,113),(570,0,5,114),(571,2,6,1),(572,0,6,2),(573,1,6,3),(574,2,6,4),(575,6,6,5),(576,2,6,6),(577,8,6,7),(578,0,6,8),(579,7,6,9),(580,8,6,10),(581,8,6,11),(582,10,6,12),(583,10,6,13),(584,1,6,14),(585,6,6,15),(586,1,6,16),(587,10,6,17),(588,8,6,18),(589,8,6,19),(590,3,6,20),(591,8,6,21),(592,1,6,22),(593,2,6,23),(594,8,6,24),(595,10,6,25),(596,6,6,26),(597,0,6,27),(598,6,6,28),(599,9,6,29),(600,9,6,30),(601,0,6,31),(602,2,6,32),(603,4,6,33),(604,9,6,34),(605,10,6,35),(606,0,6,36),(607,7,6,37),(608,5,6,38),(609,10,6,39),(610,4,6,40),(611,0,6,41),(612,9,6,42),(613,2,6,43),(614,3,6,44),(615,9,6,45),(616,9,6,46),(617,0,6,47),(618,10,6,48),(619,0,6,49),(620,7,6,50),(621,8,6,51),(622,6,6,52),(623,6,6,53),(624,2,6,54),(625,1,6,55),(626,7,6,56),(627,6,6,57),(628,0,6,58),(629,9,6,59),(630,8,6,60),(631,7,6,61),(632,5,6,62),(633,9,6,63),(634,0,6,64),(635,9,6,65),(636,9,6,66),(637,6,6,67),(638,5,6,68),(639,8,6,69),(640,1,6,70),(641,6,6,71),(642,2,6,72),(643,2,6,73),(644,8,6,74),(645,4,6,75),(646,0,6,76),(647,0,6,77),(648,6,6,78),(649,0,6,79),(650,0,6,80),(651,5,6,81),(652,7,6,82),(653,7,6,83),(654,5,6,84),(655,9,6,85),(656,1,6,86),(657,1,6,87),(658,9,6,88),(659,0,6,89),(660,2,6,90),(661,4,6,91),(662,9,6,92),(663,5,6,93),(664,10,6,94),(665,9,6,95),(666,4,6,96),(667,2,6,97),(668,7,6,98),(669,1,6,99),(670,2,6,100),(671,2,6,101),(672,7,6,102),(673,8,6,103),(674,5,6,104),(675,0,6,105),(676,10,6,106),(677,10,6,107),(678,6,6,108),(679,3,6,109),(680,5,6,110),(681,7,6,111),(682,0,6,112),(683,9,6,113),(684,3,6,114);
/*!40000 ALTER TABLE `StorageS_branchproduct` ENABLE KEYS */;
UNLOCK TABLES;

--
-- Table structure for table `StorageS_client`
--

DROP TABLE IF EXISTS `StorageS_client`;
/*!40101 SET @saved_cs_client     = @@character_set_client */;
/*!40101 SET character_set_client = utf8 */;
CREATE TABLE `StorageS_client` (
  `id` int(11) NOT NULL AUTO_INCREMENT,
  `client_name` varchar(50) NOT NULL,
  `client_passport` varchar(11) NOT NULL,
  `client_birthday` date NOT NULL,
  PRIMARY KEY (`id`)
) ENGINE=InnoDB AUTO_INCREMENT=101 DEFAULT CHARSET=utf8;
/*!40101 SET character_set_client = @saved_cs_client */;

--
-- Dumping data for table `StorageS_client`
--

LOCK TABLES `StorageS_client` WRITE;
/*!40000 ALTER TABLE `StorageS_client` DISABLE KEYS */;
INSERT INTO `StorageS_client` VALUES (1,'Воробьёва Светлана','4597 721648','1977-01-15'),(2,'Сергеева Нонна','4586 467797','1966-09-15'),(3,'Гришин Яков','4696 685609','1976-03-16'),(4,'Поляков Вячеслав','4692 567110','1972-10-14'),(5,'Романова Ольга','4610 205628','1990-11-11'),(6,'Субботин Эраст','4682 328822','1962-11-14'),(7,'Ситникова Вероника','4610 693665','1990-07-01'),(8,'Кононова Юлия','4682 834637','1962-11-01'),(9,'Юдин Павел','4606 126639','1986-09-16'),(10,'Колобов Василий','4509 287352','1989-09-27'),(11,'Потапов Тимофей','4580 815930','1960-09-21'),(12,'Савина Жанна','4585 876374','1965-09-02'),(13,'Доронин Глеб','4675 044099','1955-04-16'),(14,'Ильина Анна','4607 857494','1987-09-17'),(15,'Жданова Валерия','4689 920134','1969-10-27'),(16,'Воробьёва Татьяна','4594 194707','1974-04-10'),(17,'Тимофеев Иннокентий','4697 736457','1977-06-04'),(18,'Анисимова Анна','4613 005649','1993-01-06'),(19,'Дорофеев Пётр','4580 683862','1960-05-03'),(20,'Ситников Демьян','4590 704643','1970-05-04'),(21,'Соловьёв Юрий','4694 371378','1974-06-18'),(22,'Суханов Степан','4582 672279','1962-08-09'),(23,'Одинцов Даниил','4686 513056','1966-02-17'),(24,'Кабанова Зинаида','4512 015641','1992-10-27'),(25,'Тетерин Пётр','4687 558859','1967-06-23'),(26,'Зуев Антон','4691 708319','1971-06-14'),(27,'Носкова Галина','4609 115939','1989-02-08'),(28,'Фомин Эдуард','4594 465984','1974-01-11'),(29,'Лапина Снежана','4584 295024','1964-09-23'),(30,'Гурьева Галина','4689 359515','1969-08-13'),(31,'Калинин Антон','4692 478088','1972-10-08'),(32,'Кулакова Яна','4585 998542','1965-03-03'),(33,'Фёдоров Глеб','4699 310729','1979-11-20'),(34,'Ширяев Ярослав','4686 191758','1966-09-13'),(35,'Борисов Константин','4589 729863','1969-12-19'),(36,'Рожкова Юлия','4506 123643','1986-03-11'),(37,'Алексеева Василиса','4500 992447','1980-12-15'),(38,'Одинцов Андрей','4676 200163','1956-03-20'),(39,'Воронцов Валерий','4594 004413','1974-07-25'),(40,'Орлов Евгений','4504 983072','1984-02-03'),(41,'Моисеев Владислав','4584 121655','1964-01-28'),(42,'Шарапов Виталий','4596 693860','1976-07-07'),(43,'Егоров Дорофей','4696 406666','1976-07-14'),(44,'Колобова Тамара','4607 632289','1987-05-26'),(45,'Соколова Карина','4584 267762','1964-01-10'),(46,'Сергеева София','4691 139516','1971-05-31'),(47,'Мишина Марина','4512 164676','1992-09-24'),(48,'Афанасьева Жанна','4585 565625','1965-02-20'),(49,'Зимина Ирина','4610 903441','1990-09-05'),(50,'Медведева Снежана','4511 470534','1991-06-01'),(51,'Субботин Павел','4614 380769','1994-12-31'),(52,'Фокина Наталья','4684 756301','1964-07-15'),(53,'Богданова Любовь','4510 358408','1990-02-02'),(54,'Быкова Нонна','4698 268821','1978-01-30'),(55,'Гришин Денис','4614 906532','1994-09-26'),(56,'Авдеева Раиса','4601 801691','1981-12-03'),(57,'Ефремова Марина','4583 942374','1963-01-25'),(58,'Беспалова Елизавета','4614 733244','1994-11-20'),(59,'Александрова Ярослава','4507 670473','1987-11-06'),(60,'Романова Тамара','4583 694903','1963-02-07'),(61,'Калашников Виктор','4590 336517','1970-07-14'),(62,'Панова Светлана','4501 020051','1981-09-10'),(63,'Степанова Оксана','4592 968281','1972-09-13'),(64,'Голубев Юрий','4699 406708','1979-02-05'),(65,'Морозов Дмитрий','4599 852549','1979-01-22'),(66,'Лапина Майя','4509 845613','1989-07-24'),(67,'Жданов Всеволод','4506 685981','1986-11-13'),(68,'Маркова Валентина','4676 865004','1956-05-27'),(69,'Сорокина Анастасия','4584 115340','1964-04-30'),(70,'Антонова Анна','4501 091444','1981-09-21'),(71,'Овчинникова Ангелина','4591 594371','1971-01-08'),(72,'Шарапов Вадим','4581 409751','1961-03-03'),(73,'Константинова Мария','4685 575268','1965-12-24'),(74,'Субботин Денис','4502 805161','1982-07-14'),(75,'Шашкова Лидия','4506 632134','1986-04-28'),(76,'Прохорова Клавдия','4604 556252','1984-01-15'),(77,'Фадеева Ульяна','4682 067543','1962-03-19'),(78,'Белова Валентина','4590 743941','1970-06-29'),(79,'Ершова Майя','4698 636031','1978-03-04'),(80,'Зимин Геннадий','4680 850360','1960-06-13'),(81,'Чернова Дарья','4503 596067','1983-11-06'),(82,'Лаврентьев Илья','4694 480009','1974-04-03'),(83,'Петрова Яна','4611 392771','1991-03-22'),(84,'Суворова Дарья','4682 741894','1962-11-09'),(85,'Лихачёва Мария','4581 726396','1961-10-07'),(86,'Зайцева Вероника','4500 971923','1980-07-30'),(87,'Козлов Ефим','4690 130585','1970-07-10'),(88,'Маркова Ангелина','4609 555776','1989-04-19'),(89,'Колесников Михаил','4582 038580','1962-02-02'),(90,'Семёнова Юлия','4683 531481','1963-01-21'),(91,'Белов Митрофан','4505 993590','1985-11-14'),(92,'Карпов Илья','4580 488287','1960-10-19'),(93,'Сорокин Юрий','4682 715287','1962-04-07'),(94,'Орлов Василий','4613 652212','1993-09-17'),(95,'Давыдова Зинаида','4584 034416','1964-04-28'),(96,'Орлова Любовь','4689 540982','1969-06-23'),(97,'Агафонов Степан','4593 571100','1973-03-16'),(98,'Тюрина Елизавета','4594 721010','1974-05-17'),(99,'Копылов Леонид','4588 252973','1968-01-08'),(100,'Макаров Антон','4577 703149','1957-09-25');
/*!40000 ALTER TABLE `StorageS_client` ENABLE KEYS */;
UNLOCK TABLES;

--
-- Table structure for table `StorageS_driver`
--

DROP TABLE IF EXISTS `StorageS_driver`;
/*!40101 SET @saved_cs_client     = @@character_set_client */;
/*!40101 SET character_set_client = utf8 */;
CREATE TABLE `StorageS_driver` (
  `id` int(11) NOT NULL AUTO_INCREMENT,
  `driver_name` varchar(50) NOT NULL,
  `driver_birthday` date NOT NULL,
  `driver_salary` int(11) NOT NULL,
  `driver_recruitment` date NOT NULL,
  `auto_id` int(11) NOT NULL,
  PRIMARY KEY (`id`),
  KEY `StorageS_driver_auto_id_378108bc_fk_StorageS_auto_id` (`auto_id`),
  CONSTRAINT `StorageS_driver_auto_id_378108bc_fk_StorageS_auto_id` FOREIGN KEY (`auto_id`) REFERENCES `StorageS_auto` (`id`)
) ENGINE=InnoDB AUTO_INCREMENT=61 DEFAULT CHARSET=utf8;
/*!40101 SET character_set_client = @saved_cs_client */;

--
-- Dumping data for table `StorageS_driver`
--

LOCK TABLES `StorageS_driver` WRITE;
/*!40000 ALTER TABLE `StorageS_driver` DISABLE KEYS */;
INSERT INTO `StorageS_driver` VALUES (1,'Крылов Степан','1977-05-04',66060,'2015-09-17',1),(2,'Комиссаров Арсений','1960-12-18',65325,'2015-12-12',2),(3,'Калинин Пётр','1965-01-10',50086,'1984-10-29',3),(4,'Егоров Макар','1963-05-13',58448,'2011-12-31',4),(5,'Зимин Артём','1972-09-11',31535,'1984-02-10',5),(6,'Власов Альберт','1988-09-21',63563,'1999-10-30',6),(7,'Осипов Олег','1980-01-21',64887,'1999-01-06',7),(8,'Воронцов Арсений','1977-03-11',68275,'2011-08-01',8),(9,'Власов Иннокентий','1983-02-02',37620,'2000-07-15',9),(10,'Гуляев Игорь','1970-01-12',55425,'1998-10-27',10),(11,'Пахомов Леонид','1977-08-20',37412,'2015-07-22',11),(12,'Щербаков Сергей','1974-07-20',31555,'1997-07-13',12),(13,'Молчанов Фёдор','1966-09-21',30607,'2000-12-10',13),(14,'Егоров Александр','1958-02-11',61980,'2003-12-19',14),(15,'Куликов Сергей','1984-10-26',33231,'2009-06-17',15),(16,'Тихонов Никита','1985-01-24',40700,'1999-01-20',16),(17,'Петухов Иннокентий','1980-07-08',54841,'1981-05-13',17),(18,'Беляев Сергей','1977-09-13',53539,'2014-05-30',18),(19,'Якушев Валентин','1975-12-28',46326,'1999-07-23',19),(20,'Гаврилов Герман','1978-12-13',46398,'1989-04-29',20),(21,'Гурьев Матвей','1990-03-13',48436,'1991-06-20',21),(22,'Миронов Руслан','1986-02-08',51387,'2001-05-28',22),(23,'Ермаков Илья','1972-12-06',44511,'2002-08-09',23),(24,'Воронцов Ярослав','1978-07-11',50410,'2015-06-12',24),(25,'Фомин Федот','1969-06-07',55547,'1990-02-07',25),(26,'Наумов Святослав','1968-12-04',37502,'2001-02-03',26),(27,'Семёнов Игорь','1959-03-22',69641,'1989-12-08',27),(28,'Овчинников Иван','1957-02-15',63470,'2015-11-20',28),(29,'Суворов Герман','1963-06-04',58160,'1988-12-23',29),(30,'Горбачёв Вадим','1969-01-13',35451,'2000-08-14',30),(31,'Павлов Игорь','1960-07-08',60702,'1987-08-14',31),(32,'Журавлёв Никита','1986-11-18',69025,'2013-05-07',32),(33,'Попов Пётр','1956-12-25',56233,'2015-04-27',33),(34,'Беляков Глеб','1988-12-09',41422,'2002-02-24',34),(35,'Воронцов Эраст','1962-08-30',30326,'1987-09-09',35),(36,'Ермаков Арсений','1958-04-26',37486,'2001-10-05',36),(37,'Ильин Юрий','1980-02-25',33397,'2015-08-18',37),(38,'Комиссаров Василий','1987-03-11',35258,'2010-03-26',38),(39,'Константинов Эраст','1965-03-16',55873,'2013-07-05',39),(40,'Авдеев Артём','1978-05-08',58954,'1991-11-30',40),(41,'Иванов Олег','1968-12-12',58394,'2015-05-01',41),(42,'Андреев Илья','1982-01-11',57207,'1997-08-12',42),(43,'Некрасов Валерий','1982-05-21',46381,'1996-06-14',43),(44,'Сорокин Валентин','1978-11-13',46838,'2015-08-30',44),(45,'Миронов Дорофей','1990-07-19',37968,'2015-03-02',45),(46,'Якушев Анатолий','1983-12-13',67810,'1999-04-20',46),(47,'Алексеев Фёдор','1964-05-20',52958,'2014-09-04',47),(48,'Кудряшов Герасим','1988-07-03',37572,'1996-04-17',48),(49,'Шаров Егор','1972-11-06',46461,'1995-07-30',49),(50,'Иванов Юрий','1991-10-26',53860,'1985-02-01',50),(51,'Сидоров Денис','1960-02-06',35478,'2008-08-09',51),(52,'Евдокимов Юрий','1968-03-29',31362,'2006-05-16',52),(53,'Лобанов Аркадий','1988-06-15',34303,'1997-05-14',53),(54,'Котов Виталий','1956-12-13',30244,'1986-11-24',54),(55,'Новиков Олег','1965-08-01',43449,'2012-03-12',55),(56,'Пономарёв Макар','1969-10-15',51334,'1989-04-01',56),(57,'Наумов Федот','1971-11-12',66123,'2015-01-17',57),(58,'Чернов Егор','1967-06-19',42103,'1993-02-26',58),(59,'Васильев Герасим','1969-01-11',54438,'2015-05-30',59),(60,'Савин Леонид','1971-01-30',68410,'2002-03-02',60);
/*!40000 ALTER TABLE `StorageS_driver` ENABLE KEYS */;
UNLOCK TABLES;

--
-- Table structure for table `StorageS_manager`
--

DROP TABLE IF EXISTS `StorageS_manager`;
/*!40101 SET @saved_cs_client     = @@character_set_client */;
/*!40101 SET character_set_client = utf8 */;
CREATE TABLE `StorageS_manager` (
  `id` int(11) NOT NULL AUTO_INCREMENT,
  `manager_name` varchar(50) NOT NULL,
  `manager_birthday` date NOT NULL,
  `manager_recruitment` date NOT NULL,
  `manager_salary` int(11) NOT NULL,
  `branch_id` int(11) NOT NULL,
  `user_id` int(11) NOT NULL,
  PRIMARY KEY (`id`),
  UNIQUE KEY `StorageS_manager_user_id_id_fea678e7_uniq` (`user_id`),
  KEY `StorageS_manager_branch_id_7a7b0278_fk_StorageS_branch_id` (`branch_id`),
  CONSTRAINT `StorageS_manager_user_id_a09f441d_fk_auth_user_id` FOREIGN KEY (`user_id`) REFERENCES `auth_user` (`id`),
  CONSTRAINT `StorageS_manager_branch_id_7a7b0278_fk_StorageS_branch_id` FOREIGN KEY (`branch_id`) REFERENCES `StorageS_branch` (`id`)
) ENGINE=InnoDB AUTO_INCREMENT=121 DEFAULT CHARSET=utf8;
/*!40101 SET character_set_client = @saved_cs_client */;

--
-- Dumping data for table `StorageS_manager`
--

LOCK TABLES `StorageS_manager` WRITE;
/*!40000 ALTER TABLE `StorageS_manager` DISABLE KEYS */;
INSERT INTO `StorageS_manager` VALUES (1,'Гуляев Демьян','1975-03-07','1989-02-08',62466,1,2),(2,'Лебедева Елизавета','1974-12-06','2015-04-05',45910,1,3),(3,'Шестакова Нина','1968-05-31','1993-09-07',54552,1,4),(4,'Зимина Вероника','1974-09-29','1989-04-04',67660,1,5),(5,'Якушева Татьяна','1970-08-27','1999-03-23',40418,1,6),(6,'Чернова Надежда','1963-10-10','2004-04-24',40313,1,7),(7,'Давыдов Алексей','1956-08-08','1993-01-25',36342,1,8),(8,'Носов Иван','1991-12-17','2005-10-27',31924,1,9),(9,'Логинова Дарья','1988-02-02','2014-06-19',64732,1,10),(10,'Савельева Ярослава','1983-05-19','2001-12-22',64939,1,11),(11,'Колесников Владислав','1972-02-14','2015-02-21',34292,1,12),(12,'Самсонова Елизавета','1980-04-01','2007-12-05',63030,1,13),(13,'Медведев Геннадий','1978-08-31','1992-06-02',66272,1,14),(14,'Афанасьев Олег','1987-02-13','1997-11-23',57582,1,15),(15,'Горбачёв Эраст','1964-11-18','1993-07-25',51723,1,16),(16,'Третьякова Лидия','1982-04-28','2010-05-15',62701,1,17),(17,'Дементьева Зинаида','1987-08-09','1987-02-25',49745,1,18),(18,'Панфилова Кира','1985-01-10','1991-07-04',35505,1,19),(19,'Кудрявцев Даниил','1978-05-22','2013-03-24',58043,1,20),(20,'Степанова Нина','1958-03-09','1990-09-19',40163,1,21),(21,'Филиппов Макар','1974-01-01','2011-07-03',47938,2,22),(22,'Козлова Ксения','1965-07-21','2015-07-28',36794,2,23),(23,'Петрова Анжелика','1979-06-05','1995-03-11',34512,2,24),(24,'Воронцова Вероника','1986-07-24','1993-05-31',38642,2,25),(25,'Харитонова Валерия','1958-04-15','1993-11-06',56316,2,26),(26,'Блохина Ангелина','1966-11-25','2006-11-15',33037,2,27),(27,'Давыдов Эдуард','1983-07-30','2015-04-09',54445,2,28),(28,'Рыбаков Аркадий','1974-05-08','2009-12-18',44969,2,29),(29,'Евдокимова Нина','1987-01-29','1997-06-06',51411,2,30),(30,'Павлова Юлия','1959-01-04','1986-11-15',69103,2,31),(31,'Филатова Ярослава','1980-07-25','1987-01-09',38453,2,32),(32,'Исаева Елена','1987-11-18','1982-11-27',50835,2,33),(33,'Егорова Регина','1967-08-14','1997-06-10',33842,2,34),(34,'Панова Яна','1986-03-03','2001-08-21',42417,2,35),(35,'Самойлова Мария','1963-07-20','1989-02-11',47078,2,36),(36,'Полякова Людмила','1981-04-14','1993-05-22',41629,2,37),(37,'Потапов Александр','1965-07-02','1998-08-02',65994,2,38),(38,'Кабанов Яков','1961-04-26','2012-03-25',30905,2,39),(39,'Федотова Екатерина','1988-06-17','1999-11-22',52563,2,40),(40,'Меркушева Любовь','1988-05-11','1993-05-25',66166,2,41),(41,'Денисов Святослав','1985-08-17','2015-08-11',43488,3,42),(42,'Родионова Ксения','1969-12-16','1995-08-27',69500,3,43),(43,'Горбунова Яна','1972-06-05','2015-01-17',57404,3,44),(44,'Селиверстова Людмила','1976-11-18','2010-02-25',42900,3,45),(45,'Гришина Ульяна','1985-04-15','1991-07-07',31631,3,46),(46,'Зуев Тимофей','1972-01-09','1985-03-28',60074,3,47),(47,'Самсонова Юлия','1975-08-29','1999-09-23',33823,3,48),(48,'Исакова Елизавета','1991-01-19','2005-12-18',31661,3,49),(49,'Крюков Владимир','1988-01-05','1990-02-17',67560,3,50),(50,'Константинова Ангелина','1959-08-20','2002-04-06',43619,3,51),(51,'Иванов Эраст','1984-04-23','2015-03-14',61750,3,52),(52,'Юдина Любовь','1973-05-05','1986-10-30',31410,3,53),(53,'Власов Валерий','1969-09-23','2003-11-29',42440,3,54),(54,'Бирюков Евгений','1966-03-08','1987-11-14',50519,3,55),(55,'Дьячкова Майя','1966-03-25','2015-12-01',45977,3,56),(56,'Чернова Людмила','1988-10-20','2010-07-14',38626,3,57),(57,'Хохлов Артур','1989-12-30','2015-09-22',55351,3,58),(58,'Воробьёва Полина','1959-01-13','2015-01-18',41303,3,59),(59,'Терентьев Георгий','1978-06-27','2006-04-18',31238,3,60),(60,'Меркушев Святослав','1986-05-30','2016-04-15',46629,3,61),(61,'Куликов Григорий','1986-02-18','2016-03-22',63871,4,62),(62,'Филиппов Макар','1985-07-23','2000-04-26',34144,4,63),(63,'Прохорова Анжелика','1980-09-06','1989-03-08',68512,4,64),(64,'Овчинникова Тамара','1982-05-10','1992-06-13',59831,4,65),(65,'Анисимов Денис','1986-11-13','2015-05-06',69072,4,66),(66,'Шубин Артём','1990-05-21','2004-03-20',52261,4,67),(67,'Лихачёв Леонтий','1972-06-16','1996-07-18',67495,4,68),(68,'Соловьёв Михаил','1991-11-28','1993-11-08',34393,4,69),(69,'Лыткина Полина','1980-12-22','2002-10-23',57287,4,70),(70,'Щукин Фёдор','1973-03-10','2009-01-24',33290,4,71),(71,'Костин Степан','1981-10-16','2003-09-29',68444,4,72),(72,'Ковалёва Марина','1962-04-02','2009-04-16',67105,4,73),(73,'Сазонова Тамара','1967-03-21','1994-08-12',37296,4,74),(74,'Субботина Валерия','1981-08-20','2010-06-17',46156,4,75),(75,'Ильин Константин','1965-08-19','1992-11-17',35128,4,76),(76,'Емельянов Альберт','1964-02-04','2010-10-18',41303,4,77),(77,'Шестакова Валентина','1965-11-13','2006-01-03',46905,4,78),(78,'Веселов Даниил','1964-04-08','2005-07-30',53788,4,79),(79,'Зиновьева Жанна','1973-06-06','2002-12-04',49730,4,80),(80,'Цветков Григорий','1979-12-10','2003-12-14',69387,4,81),(81,'Хохлова Алла','1990-02-04','1989-09-19',68824,5,82),(82,'Сафонов Алексей','1980-11-19','1995-11-19',54362,5,83),(83,'Михайлов Митрофан','1973-07-23','2006-11-21',63493,5,84),(84,'Волкова Виктория','1972-01-01','1998-01-28',46172,5,85),(85,'Семёнов Владислав','1959-06-08','1992-04-18',43090,5,86),(86,'Назарова Снежана','1982-04-06','1989-03-05',61978,5,87),(87,'Калинин Тимофей','1975-04-20','2012-10-31',48885,5,88),(88,'Исакова Надежда','1986-01-22','2008-04-07',65952,5,89),(89,'Фёдоров Ярослав','1960-11-18','1997-03-17',40228,5,90),(90,'Филиппова Алла','1989-02-10','2013-03-21',57325,5,91),(91,'Пестова Яна','1961-09-15','1983-08-27',55586,5,92),(92,'Галкин Роман','1985-02-05','1982-04-23',48483,5,93),(93,'Родионова Лидия','1968-08-09','2013-04-08',58397,5,94),(94,'Тарасова Ксения','1987-11-14','2005-09-21',64359,5,95),(95,'Кулаков Егор','1957-01-23','2015-10-17',52487,5,96),(96,'Королёва Светлана','1960-07-15','2004-03-30',58479,5,97),(97,'Логинова Инесса','1989-04-11','1988-12-26',60902,5,98),(98,'Иванов Андрей','1979-04-24','1991-07-11',32387,5,99),(99,'Белозёрова Евгения','1958-12-14','2016-09-05',66912,5,100),(100,'Веселов Матвей','1990-08-18','2015-12-12',66851,5,101),(101,'Артемьева Елизавета','1971-03-25','2015-11-14',48594,6,102),(102,'Сазонов Дмитрий','1979-06-25','1993-01-18',50350,6,103),(103,'Родионов Владимир','1969-08-30','1987-10-25',58883,6,104),(104,'Соболева Валерия','1982-05-20','2015-01-02',66993,6,105),(105,'Абрамова Инесса','1965-09-23','2001-09-18',35194,6,106),(106,'Некрасов Ярослав','1981-12-22','2015-04-17',57437,6,107),(107,'Новиков Ярослав','1959-09-19','2008-09-29',55961,6,108),(108,'Блинова Тамара','1991-03-20','1991-01-26',69445,6,109),(109,'Наумова Нонна','1976-01-05','2015-07-29',66629,6,110),(110,'Рыбакова Анжелика','1982-08-20','2014-11-26',59586,6,111),(111,'Ларионов Константин','1964-01-11','2012-09-19',68111,6,112),(112,'Терентьев Яков','1980-10-13','1993-04-28',46469,6,113),(113,'Ефимов Артём','1989-12-17','2015-01-02',62082,6,114),(114,'Исаев Константин','1985-10-06','2006-06-09',31668,6,115),(115,'Константинова Ангелина','1968-02-25','1988-07-14',67824,6,116),(116,'Кудрявцева Александра','1977-11-15','2011-02-05',46502,6,117),(117,'Беспалов Денис','1962-11-30','2015-05-23',54493,6,118),(118,'Рогов Роман','1957-03-04','1996-09-15',64387,6,119),(119,'Шарова Тамара','1986-02-04','2009-11-24',46873,6,120),(120,'Фомичёв Богдан','1986-04-01','1989-12-01',67247,6,121);
/*!40000 ALTER TABLE `StorageS_manager` ENABLE KEYS */;
UNLOCK TABLES;

--
-- Table structure for table `StorageS_orderproduct`
--

DROP TABLE IF EXISTS `StorageS_orderproduct`;
/*!40101 SET @saved_cs_client     = @@character_set_client */;
/*!40101 SET character_set_client = utf8 */;
CREATE TABLE `StorageS_orderproduct` (
  `id` int(11) NOT NULL AUTO_INCREMENT,
  `product_count` int(11) NOT NULL,
  `ordertable_id` int(11) NOT NULL,
  `product_id` int(11) NOT NULL,
  PRIMARY KEY (`id`),
  KEY `StorageS_orderproduct_09358604` (`ordertable_id`),
  KEY `StorageS_orderproduct_9bea82de` (`product_id`),
  CONSTRAINT `StorageS_orderproduct_product_id_fcf86c98_fk_StorageS_product_id` FOREIGN KEY (`product_id`) REFERENCES `StorageS_product` (`id`),
  CONSTRAINT `StorageS_orderp_ordertable_id_5801c613_fk_StorageS_ordertable_id` FOREIGN KEY (`ordertable_id`) REFERENCES `StorageS_ordertable` (`id`)
) ENGINE=InnoDB AUTO_INCREMENT=199 DEFAULT CHARSET=utf8;
/*!40101 SET character_set_client = @saved_cs_client */;

--
-- Dumping data for table `StorageS_orderproduct`
--

LOCK TABLES `StorageS_orderproduct` WRITE;
/*!40000 ALTER TABLE `StorageS_orderproduct` DISABLE KEYS */;
INSERT INTO `StorageS_orderproduct` VALUES (1,1,1,23),(2,2,2,52),(3,2,3,50),(4,1,3,93),(5,2,4,57),(6,2,4,15),(7,1,5,98),(8,1,6,91),(9,2,7,100),(10,1,7,74),(11,2,7,37),(12,1,8,36),(13,1,8,12),(14,2,9,67),(15,2,10,71),(16,2,10,39),(17,1,11,87),(18,2,11,112),(19,2,12,105),(20,2,12,7),(21,2,13,16),(22,2,13,50),(23,2,13,18),(24,2,14,61),(25,1,15,92),(26,2,15,65),(27,1,15,77),(28,1,16,79),(29,1,17,4),(30,2,17,51),(31,1,17,80),(32,2,18,15),(33,2,19,64),(34,1,20,81),(35,2,20,44),(36,1,20,38),(37,1,21,24),(38,2,21,44),(39,1,22,8),(40,2,22,55),(41,1,23,81),(42,1,23,14),(43,2,23,54),(44,2,24,64),(45,2,24,40),(46,2,25,28),(47,1,25,91),(48,1,26,64),(49,1,27,14),(50,2,28,82),(51,1,29,63),(52,2,29,73),(53,1,29,83),(54,2,30,29),(55,2,30,41),(56,2,30,54),(57,1,31,28),(58,1,31,58),(59,1,31,54),(60,1,32,36),(61,2,32,22),(62,2,32,71),(63,1,33,109),(64,1,34,56),(65,2,34,59),(66,2,34,41),(67,1,35,8),(68,1,35,55),(69,2,35,40),(70,1,36,9),(71,2,36,69),(72,2,37,1),(73,1,37,88),(74,1,38,38),(75,1,39,36),(76,2,39,46),(77,2,39,76),(78,2,40,41),(79,2,41,1),(80,2,41,102),(81,1,42,25),(82,2,42,84),(83,1,43,17),(84,1,43,26),(85,1,43,96),(86,1,44,92),(87,1,44,24),(88,1,44,109),(89,2,45,65),(90,2,45,109),(91,2,45,40),(92,2,46,65),(93,1,46,88),(94,2,47,86),(95,1,47,53),(96,1,48,28),(97,2,48,42),(98,2,48,36),(99,2,49,111),(100,2,49,25),(101,2,49,50),(102,2,50,67),(103,1,51,13),(104,2,51,111),(105,1,52,2),(106,1,52,99),(107,2,52,17),(108,2,53,77),(109,1,54,13),(110,1,54,65),(111,1,54,52),(112,2,55,45),(113,1,55,71),(114,2,56,81),(115,2,57,32),(116,1,57,45),(117,2,58,45),(118,1,59,102),(119,2,59,100),(120,1,60,57),(121,1,60,67),(122,1,61,40),(123,2,62,10),(124,2,62,37),(125,1,62,85),(126,2,63,23),(127,1,64,4),(128,1,64,67),(129,1,65,5),(130,2,66,7),(131,2,66,78),(132,2,66,71),(133,1,67,42),(134,1,67,6),(135,1,67,91),(136,2,68,60),(137,1,69,109),(138,1,69,64),(139,2,69,59),(140,1,70,56),(141,1,70,40),(142,1,71,22),(143,1,71,93),(144,1,71,104),(145,1,72,104),(146,1,72,111),(147,2,72,74),(148,2,73,9),(149,2,74,76),(150,1,75,52),(151,1,76,34),(152,2,76,38),(153,2,77,78),(154,2,78,77),(155,2,78,54),(156,2,79,58),(157,1,80,56),(158,2,81,27),(159,2,81,5),(160,2,82,111),(161,1,83,17),(162,1,84,47),(163,1,84,21),(164,1,84,61),(165,2,85,27),(166,1,85,52),(167,1,85,61),(168,2,86,70),(169,1,87,2),(170,2,88,80),(171,2,89,51),(172,2,90,78),(173,2,91,102),(174,1,91,27),(175,2,91,2),(176,2,92,74),(177,1,92,91),(178,1,92,26),(179,2,93,90),(180,2,94,8),(181,2,94,66),(182,2,94,102),(183,2,95,105),(184,2,95,49),(185,1,95,93),(186,1,96,6),(187,2,96,59),(188,1,97,101),(189,1,97,40),(190,1,97,25),(191,1,98,13),(192,2,98,83),(193,2,98,58),(194,2,99,12),(195,2,99,63),(196,2,99,90),(197,2,100,18),(198,1,100,10);
/*!40000 ALTER TABLE `StorageS_orderproduct` ENABLE KEYS */;
UNLOCK TABLES;

--
-- Table structure for table `StorageS_ordertable`
--

DROP TABLE IF EXISTS `StorageS_ordertable`;
/*!40101 SET @saved_cs_client     = @@character_set_client */;
/*!40101 SET character_set_client = utf8 */;
CREATE TABLE `StorageS_ordertable` (
  `id` int(11) NOT NULL AUTO_INCREMENT,
  `order_date` date NOT NULL,
  `order_address` varchar(50) NOT NULL,
  `order_totalcost` double NOT NULL,
  `auto_id` int(11) NOT NULL,
  `branch_id` int(11) NOT NULL,
  `client_id` int(11) NOT NULL,
  `manager_id` int(11) NOT NULL,
  PRIMARY KEY (`id`),
  KEY `StorageS_ordertable_auto_id_6238a46d_fk_StorageS_auto_id` (`auto_id`),
  KEY `StorageS_ordertable_branch_id_ea5f3b3e_fk_StorageS_branch_id` (`branch_id`),
  KEY `StorageS_ordertable_client_id_1b4322db_fk_StorageS_client_id` (`client_id`),
  KEY `StorageS_ordertable_manager_id_867ee407_fk_StorageS_manager_id` (`manager_id`),
  CONSTRAINT `StorageS_ordertable_manager_id_867ee407_fk_StorageS_manager_id` FOREIGN KEY (`manager_id`) REFERENCES `StorageS_manager` (`id`),
  CONSTRAINT `StorageS_ordertable_auto_id_6238a46d_fk_StorageS_auto_id` FOREIGN KEY (`auto_id`) REFERENCES `StorageS_auto` (`id`),
  CONSTRAINT `StorageS_ordertable_branch_id_ea5f3b3e_fk_StorageS_branch_id` FOREIGN KEY (`branch_id`) REFERENCES `StorageS_branch` (`id`),
  CONSTRAINT `StorageS_ordertable_client_id_1b4322db_fk_StorageS_client_id` FOREIGN KEY (`client_id`) REFERENCES `StorageS_client` (`id`)
) ENGINE=InnoDB AUTO_INCREMENT=101 DEFAULT CHARSET=utf8;
/*!40101 SET character_set_client = @saved_cs_client */;

--
-- Dumping data for table `StorageS_ordertable`
--

LOCK TABLES `StorageS_ordertable` WRITE;
/*!40000 ALTER TABLE `StorageS_ordertable` DISABLE KEYS */;
INSERT INTO `StorageS_ordertable` VALUES (1,'2014-11-24','Лужники, улица',53647,6,1,1,9),(2,'2014-07-22','Танковый проезд',76938,5,4,2,8),(3,'2016-09-06','Новоконюшенный переулок',93309,9,2,3,18),(4,'2014-11-15','Высоковольтный проезд',139920,6,4,4,9),(5,'2014-10-24','Олимпийский проспект',29786,8,1,5,13),(6,'2014-09-22','Новая Заря, улица',31070,9,6,6,7),(7,'2016-04-28','Вилиса Лациса, улица',200469,3,5,7,2),(8,'2014-06-08','Наставнический переулок',81786,4,6,8,9),(9,'2015-04-21','Банный переулок',54138,7,4,9,14),(10,'2015-12-19','Лихоборская набережная',167390,9,1,10,5),(11,'2016-11-06','Малая Очаковская улица',147533,3,3,11,5),(12,'2015-11-14','Щёлковский проезд',128290,8,6,12,7),(13,'2016-03-11','Лазоревый проезд',227260,3,1,13,15),(14,'2014-09-01','Ширшова, улица',100516,7,3,14,14),(15,'2014-04-30','Сенежская улица',201121,2,5,15,13),(16,'2016-09-24','Аргуновская улица',44784,2,4,16,1),(17,'2016-10-13','Красковская улица',145618,9,4,17,4),(18,'2014-06-26','Заревый проезд',108024,7,1,18,1),(19,'2014-04-02','Малый Гавриков переулок',42194,4,3,19,15),(20,'2016-02-28','Кондрашёвский тупик',107735,5,6,20,3),(21,'2016-09-18','Гжатская улица',97258,5,4,21,20),(22,'2014-06-13','Заветная улица',92155,2,5,22,20),(23,'2016-06-16','Новохохловская улица',148552,8,5,23,7),(24,'2015-07-13','Сельскохозяйственный 1-й проезд',150008,3,4,24,13),(25,'2015-01-29','Семёновский Вал, улица',139380,6,5,25,14),(26,'2014-07-12','Чоботовский проезд',21097,7,6,26,7),(27,'2015-06-14','Погорельский переулок',43974,1,6,27,19),(28,'2015-12-05','Высоцкого, улица',32048,6,2,28,11),(29,'2014-02-09','Ягодная улица',159717,3,2,29,16),(30,'2016-12-14','Сходненская улица',228570,5,2,30,6),(31,'2015-01-28','Каманина, улица',145329,5,6,31,13),(32,'2015-09-20','Тарханская улица',175530,10,5,32,12),(33,'2015-05-23','Дмитровский переулок',18318,7,3,33,6),(34,'2015-12-15','Майский просек',171736,5,2,34,20),(35,'2014-06-20','Пименовский тупик',162076,9,6,35,15),(36,'2014-03-24','Большая Бронная улица',123865,9,4,36,18),(37,'2015-11-26','Садовая Каретная улица',139603,1,2,37,15),(38,'2015-12-07','Валовая улица',17717,5,4,38,17),(39,'2014-04-06','Перовская улица',176572,4,2,39,15),(40,'2014-01-22','Сокольническая 4-я улица',50408,8,5,40,2),(41,'2016-09-09','Широкий проезд',148958,4,5,41,19),(42,'2016-02-22','Мясницкий проезд',86715,4,5,42,20),(43,'2014-02-25','Листопадная улица',88769,10,5,43,20),(44,'2015-07-14','Земляной Вал, улица',100603,6,6,44,6),(45,'2014-10-22','Тихвинский 1-й тупик',250922,9,2,45,9),(46,'2014-10-20','Мясницкие Ворота, площадь',132027,10,4,46,7),(47,'2016-03-10','Старопокровский проезд',88696,1,2,47,10),(48,'2016-07-24','Красная Пресня, улица',206609,7,2,48,18),(49,'2016-08-23','Левый тупик',255696,1,3,49,17),(50,'2014-08-21','Армянский переулок',54138,10,2,50,1),(51,'2015-11-21','Вражский 1-й переулок',155436,10,5,51,9),(52,'2014-02-03','Воронцово Поле, улица',103448,7,6,52,10),(53,'2015-07-12','Выползов переулок',78944,5,3,53,1),(54,'2016-02-12','Котельнический 5-й переулок',147667,4,6,54,15),(55,'2016-02-10','Крылатская улица',109002,8,3,55,7),(56,'2014-09-20','Барболина, улица',39736,1,2,56,16),(57,'2016-07-12','Ратная улица',121497,3,2,57,4),(58,'2014-08-06','Брянский Пост, улица',56726,6,4,58,20),(59,'2015-03-25','Колобовский 3-й переулок',67297,4,1,59,1),(60,'2014-02-14','Космонавта Комарова, площадь',43017,9,3,60,15),(61,'2014-03-10','Советская улица (Рублёво)',53907,7,3,61,20),(62,'2016-01-08','Алексея Дикого, улица',247802,1,6,62,4),(63,'2015-09-26','Охтинская улица',107294,4,5,63,3),(64,'2016-05-19','Большого Круга, аллея',61566,2,6,64,4),(65,'2016-05-27','Перовский проезд',56389,8,6,65,10),(66,'2015-10-04','Красногорский 3-й проезд',273630,6,1,66,7),(67,'2015-06-23','Хлыновский тупик',121571,9,6,67,8),(68,'2014-09-03','Кусковский тупик',46812,4,5,68,14),(69,'2015-01-07','Истринская улица',125451,4,6,69,15),(70,'2014-03-09','Зацепский Вал, улица',89199,10,6,70,16),(71,'2014-11-27','Лодочная улица',82416,1,3,71,14),(72,'2016-11-09','Переведеновский переулок',159547,7,5,72,17),(73,'2015-04-25','Павлоградская 4-я улица',35038,8,2,73,1),(74,'2014-03-19','Новодмитровская улица',42354,5,2,74,9),(75,'2016-04-01','Литовский бульвар',38469,8,4,75,18),(76,'2015-10-22','Рубцов переулок',81437,3,6,76,9),(77,'2015-03-20','Ферсмана улица',105924,8,5,77,15),(78,'2016-06-19','Севастопольский проспект',163654,8,5,78,4),(79,'2014-11-17','Измайловского Зверинца 2-й переулок',97638,9,1,79,17),(80,'2015-04-08','Яснополянская улица',35292,1,5,80,9),(81,'2015-04-05','Останкинский 6-й переулок',211358,10,3,81,10),(82,'2016-04-18','Мнёвники, улица',99474,9,4,82,2),(83,'2016-07-15','Егора Абакумова, улица',20096,6,1,83,10),(84,'2014-07-24','Дуговая улица',131117,7,2,84,4),(85,'2014-03-12','Большой Сергиевский переулок',187307,3,3,85,9),(86,'2015-06-04','Жуков проезд',95266,10,5,86,11),(87,'2014-01-17','Девятого Мая, улица',27401,4,3,87,2),(88,'2016-05-06','Ленинский проспект',95158,1,3,88,20),(89,'2016-05-05','Головановский переулок',63542,2,4,89,13),(90,'2014-10-17','Фигурный переулок',105924,6,6,90,14),(91,'2016-05-16','Заморёнова, улица',139002,3,2,91,10),(92,'2014-09-06','Дорожный 1-й проезд',171519,5,4,92,18),(93,'2014-11-04','Поселковая улица',62280,7,6,93,1),(94,'2014-09-18','Грузинский Вал, улица',130860,6,4,94,4),(95,'2016-12-24','Сестрорецкая 2-я улица',228089,6,5,95,4),(96,'2016-07-28','Кренкеля, улица',141090,10,2,96,20),(97,'2015-09-22','Гродненская улица',133247,5,3,97,13),(98,'2016-02-09','Луховицкая улица',184282,7,2,98,18),(99,'2014-03-12','Таманская улица',230676,5,4,99,12),(100,'2014-09-02','Кирпичный 1-й переулок',149584,5,6,100,18);
/*!40000 ALTER TABLE `StorageS_ordertable` ENABLE KEYS */;
UNLOCK TABLES;

--
-- Table structure for table `StorageS_product`
--

DROP TABLE IF EXISTS `StorageS_product`;
/*!40101 SET @saved_cs_client     = @@character_set_client */;
/*!40101 SET character_set_client = utf8 */;
CREATE TABLE `StorageS_product` (
  `id` int(11) NOT NULL AUTO_INCREMENT,
  `product_name` varchar(50) NOT NULL,
  `product_cost` double NOT NULL,
  `product_made` varchar(20) NOT NULL,
  `product_category` varchar(50) NOT NULL,
  PRIMARY KEY (`id`)
) ENGINE=InnoDB AUTO_INCREMENT=115 DEFAULT CHARSET=utf8;
/*!40101 SET character_set_client = @saved_cs_client */;

--
-- Dumping data for table `StorageS_product`
--

LOCK TABLES `StorageS_product` WRITE;
/*!40000 ALTER TABLE `StorageS_product` DISABLE KEYS */;
INSERT INTO `StorageS_product` VALUES (1,'Acer Aspire E5-511',57024,'Китай','Ноутбук'),(2,'Acer Aspire ES1-512',27401,'Индонезия','Ноутбук'),(3,'Acer Aspire E5-731G',48190,'Тайвань','Ноутбук'),(4,'Apple MacBook Pro MGX72RU/A',34497,'Китай','Ноутбук'),(5,'Apple MacBook Pro MGX82RU/A',56389,'Россия','Ноутбук'),(6,'Apple MacBook Pro MGXC2RU/A',55054,'Индонезия','Ноутбук'),(7,'ASUS G751JM',31577,'Китай','Ноутбук'),(8,'ASUS X553MA',16369,'Россия','Ноутбук'),(9,'ASUS G750JS',17519,'Россия','Ноутбук'),(10,'DELL Inspiron 3531',47158,'Въетнам','Ноутбук'),(11,'DELL Inspiron 3541',19723,'Индонезия','Ноутбук'),(12,'DELL Inspiron 7347',41006,'Въетнам','Ноутбук'),(13,'Fujitsu LIFEBOOK E544',55962,'Индонезия','Ноутбук'),(14,'Fujitsu LIFEBOOK E754',43974,'Китай','Ноутбук'),(15,'Fujitsu LIFEBOOK E782',54012,'Китай','Ноутбук'),(16,'HP 250 G3',38149,'Россия','Ноутбук'),(17,'HP 255 G3',20096,'Китай','Ноутбук'),(18,'HP ProBook 430 G2',51213,'Китай','Ноутбук'),(19,'Lenovo IdeaPad Z5070',44936,'Въетнам','Ноутбук'),(20,'Lenovo IdeaPad G5030',30026,'Тайвань','Ноутбук'),(21,'Lenovo B5070',36329,'Индонезия','Ноутбук'),(22,'MSI GT72',15099,'Тайвань','Ноутбук'),(23,'MSI CR70',53647,'Тайвань','Ноутбук'),(24,'MSI GT80',27108,'Тайвань','Ноутбук'),(25,'Samsung ATIV Book 9',53843,'Россия','Ноутбук'),(26,'Sony VAIO SV-T1122E2R',53183,'Въетнам','Ноутбук'),(27,'Sony VAIO SV-P1321I6R',49290,'Россия','Ноутбук'),(28,'Sony VAIO SV-P1322R4R',54155,'Тайвань','Ноутбук'),(29,'Toshiba Satellite P50T',46726,'Индонезия','Ноутбук'),(30,'Toshiba Portege Z30',56116,'Въетнам','Ноутбук'),(31,'Huawei Honor 4c',23918,'Китай','Смартфон'),(32,'Apple iPhone 6 16Gb',46567,'Россия','Смартфон'),(33,'ASUS Zenfone 2 Lazer ZE500KL 16Gb',51991,'Въетнам','Смартфон'),(34,'Microsoft Lumia 640 3G Dual Sim',46003,'Китай','Смартфон'),(35,'Huawei Honor 7 16Gb',24726,'Тайвань','Смартфон'),(36,'Sony Xperia Z3 Compact',40780,'Индонезия','Смартфон'),(37,'Meizu M2 Note 16Gb',53497,'Индонезия','Смартфон'),(38,'Sony Xperia Z5 Compact',17717,'Тайвань','Смартфон'),(39,'Microsoft Lumia 950 Dual Sim',31419,'Индонезия','Смартфон'),(40,'Microsoft Lumia 550',53907,'Китай','Смартфон'),(41,'Microsoft Lumia 640 LTE Dual Sim',25204,'Въетнам','Смартфон'),(42,'ASUS ZenFone 2 ZE551ML 32Gb Ram 4Gb',35447,'Китай','Смартфон'),(43,'Highscreen Power Five',35289,'Индонезия','Смартфон'),(44,'LG G4',35075,'Въетнам','Смартфон'),(45,'Meizu M2 mini',28363,'Въетнам','Смартфон'),(46,'Nokia Lumia 830',46719,'Россия','Смартфон'),(47,'Samsung Galaxy S6 32Gb',44530,'Тайвань','Смартфон'),(48,'Nokia X2 Dual sim',19634,'Въетнам','Смартфон'),(49,'Microsoft Lumia 435 Dual Sim',59090,'Китай','Смартфон'),(50,'Microsoft Lumia 950',24268,'Китай','Смартфон'),(51,'Apple iPhone 6S 64Gb',31771,'Россия','Смартфон'),(52,'Microsoft Lumia 640 XL 3G Dual Sim',38469,'Китай','Смартфон'),(53,'ASUS Zenfone 5 16Gb',35204,'Россия','Смартфон'),(54,'Microsoft Lumia 535 Dual',42355,'Россия','Смартфон'),(55,'ASUS ZenFone 2 16Gb',37893,'Въетнам','Смартфон'),(56,'Nokia Lumia 730 Dual sim',35292,'Китай','Смартфон'),(57,'ASUS Zenfone 2 Lazer ZE550KL',15948,'Индонезия','Смартфон'),(58,'Highscreen Boost 3',48819,'Китай','Смартфон'),(59,'ASUS ZenFone 2 ZE500CL',43018,'Китай','Смартфон'),(60,'Nokia Lumia 735',23406,'Китай','Смартфон'),(61,'Brother 1440',50258,'Россия','Принтер'),(62,'Brother MFC8840',25176,'Тайвань','Принтер'),(63,'Brother MFC8840D',43192,'Россия','Принтер'),(64,'Canon 30i',21097,'Тайвань','Принтер'),(65,'Canon 550i',53236,'Индонезия','Принтер'),(66,'Canon MP780',31606,'Индонезия','Принтер'),(67,'Canon MP800',27069,'Тайвань','Принтер'),(68,'Canon MP830',24096,'Китай','Принтер'),(69,'Canon MultiPass F30 (MFP)',53173,'Китай','Принтер'),(70,'Dell 1100',47633,'Китай','Принтер'),(71,'Dell 940',52276,'Россия','Принтер'),(72,'Dell A960',39040,'Тайвань','Принтер'),(73,'Dell P1500',50592,'Китай','Принтер'),(74,'Dell S2500',43633,'Россия','Принтер'),(75,'Epson LQ570',19592,'Россия','Принтер'),(76,'Epson LQ-590',21177,'Въетнам','Принтер'),(77,'Epson Stylus C20UX',39472,'Тайвань','Принтер'),(78,'Epson Stylus C60',52962,'Въетнам','Принтер'),(79,'Espon EPL-5800L',44784,'Тайвань','Принтер'),(80,'HP Color LaserJet 2500',47579,'Китай','Принтер'),(81,'HP Color LaserJet CP6015n',19868,'Россия','Принтер'),(82,'HP DeskJet F380',16024,'Индонезия','Принтер'),(83,'HP DeskJet 2050A',15341,'Въетнам','Принтер'),(84,'HP LaserJet 1010',16436,'Россия','Принтер'),(85,'HP LaserJet P4515n',46492,'Россия','Принтер'),(86,'HP Officejet 3015',26746,'Китай','Принтер'),(87,'HP OfficeJet G85xi',28563,'Китай','Принтер'),(88,'HP Photosmart 1000',25555,'Китай','Принтер'),(89,'HP PhotoSmart P1000',42501,'Тайвань','Принтер'),(90,'HP PSC 1110',31140,'Россия','Принтер'),(91,'HP PSC 1210',31070,'Индонезия','Принтер'),(92,'HP PSC 1300',55177,'Россия','Принтер'),(93,'HP PSC 7410',44773,'Китай','Принтер'),(94,'HP PSC 750',22864,'Тайвань','Принтер'),(95,'Kyocera 3800',48617,'Россия','Принтер'),(96,'Kyocera FS-1000',15490,'Россия','Принтер'),(97,'Kyocera FS-600',56114,'Россия','Принтер'),(98,'Kyocera FS-6700',29786,'Россия','Принтер'),(99,'Kyocera FS-680',35855,'Китай','Принтер'),(100,'Kyocera FS-7000',24921,'Тайвань','Принтер'),(101,'Lexmark 7000',25497,'Тайвань','Принтер'),(102,'Lexmark E232',17455,'Россия','Принтер'),(103,'Lexmark Z53',21238,'Индонезия','Принтер'),(104,'Lexmark Z818',22544,'Россия','Принтер'),(105,'OKIPAGE 8w Lite',32568,'Тайвань','Принтер'),(106,'Panasonic KX-MB1900',15605,'Индонезия','Принтер'),(107,'Samsung CLP-300',20468,'Въетнам','Принтер'),(108,'Samsung CLX-2160',44440,'Тайвань','Принтер'),(109,'Samsung SCX-4500W',18318,'Въетнам','Принтер'),(110,'Samsung SCX-4600',25131,'Въетнам','Принтер'),(111,'Xerox WorkCentre PE 220',49737,'Россия','Принтер'),(112,'Xerox Phaser 3117',59485,'Россия','Принтер'),(113,'Xerox Phaser 6010',26450,'Индонезия','Принтер'),(114,'Xerox WorkCentre 3045B',26410,'Россия','Принтер');
/*!40000 ALTER TABLE `StorageS_product` ENABLE KEYS */;
UNLOCK TABLES;

--
-- Table structure for table `auth_group`
--

DROP TABLE IF EXISTS `auth_group`;
/*!40101 SET @saved_cs_client     = @@character_set_client */;
/*!40101 SET character_set_client = utf8 */;
CREATE TABLE `auth_group` (
  `id` int(11) NOT NULL AUTO_INCREMENT,
  `name` varchar(80) NOT NULL,
  PRIMARY KEY (`id`),
  UNIQUE KEY `name` (`name`)
) ENGINE=InnoDB DEFAULT CHARSET=utf8;
/*!40101 SET character_set_client = @saved_cs_client */;

--
-- Dumping data for table `auth_group`
--

LOCK TABLES `auth_group` WRITE;
/*!40000 ALTER TABLE `auth_group` DISABLE KEYS */;
/*!40000 ALTER TABLE `auth_group` ENABLE KEYS */;
UNLOCK TABLES;

--
-- Table structure for table `auth_group_permissions`
--

DROP TABLE IF EXISTS `auth_group_permissions`;
/*!40101 SET @saved_cs_client     = @@character_set_client */;
/*!40101 SET character_set_client = utf8 */;
CREATE TABLE `auth_group_permissions` (
  `id` int(11) NOT NULL AUTO_INCREMENT,
  `group_id` int(11) NOT NULL,
  `permission_id` int(11) NOT NULL,
  PRIMARY KEY (`id`),
  UNIQUE KEY `auth_group_permissions_group_id_0cd325b0_uniq` (`group_id`,`permission_id`),
  KEY `auth_group_permissi_permission_id_84c5c92e_fk_auth_permission_id` (`permission_id`),
  CONSTRAINT `auth_group_permissi_permission_id_84c5c92e_fk_auth_permission_id` FOREIGN KEY (`permission_id`) REFERENCES `auth_permission` (`id`),
  CONSTRAINT `auth_group_permissions_group_id_b120cbf9_fk_auth_group_id` FOREIGN KEY (`group_id`) REFERENCES `auth_group` (`id`)
) ENGINE=InnoDB DEFAULT CHARSET=utf8;
/*!40101 SET character_set_client = @saved_cs_client */;

--
-- Dumping data for table `auth_group_permissions`
--

LOCK TABLES `auth_group_permissions` WRITE;
/*!40000 ALTER TABLE `auth_group_permissions` DISABLE KEYS */;
/*!40000 ALTER TABLE `auth_group_permissions` ENABLE KEYS */;
UNLOCK TABLES;

--
-- Table structure for table `auth_permission`
--

DROP TABLE IF EXISTS `auth_permission`;
/*!40101 SET @saved_cs_client     = @@character_set_client */;
/*!40101 SET character_set_client = utf8 */;
CREATE TABLE `auth_permission` (
  `id` int(11) NOT NULL AUTO_INCREMENT,
  `name` varchar(255) NOT NULL,
  `content_type_id` int(11) NOT NULL,
  `codename` varchar(100) NOT NULL,
  PRIMARY KEY (`id`),
  UNIQUE KEY `auth_permission_content_type_id_01ab375a_uniq` (`content_type_id`,`codename`),
  CONSTRAINT `auth_permissi_content_type_id_2f476e4b_fk_django_content_type_id` FOREIGN KEY (`content_type_id`) REFERENCES `django_content_type` (`id`)
) ENGINE=InnoDB AUTO_INCREMENT=46 DEFAULT CHARSET=utf8;
/*!40101 SET character_set_client = @saved_cs_client */;

--
-- Dumping data for table `auth_permission`
--

LOCK TABLES `auth_permission` WRITE;
/*!40000 ALTER TABLE `auth_permission` DISABLE KEYS */;
INSERT INTO `auth_permission` VALUES (1,'Can add client',1,'add_client'),(2,'Can change client',1,'change_client'),(3,'Can delete client',1,'delete_client'),(4,'Can add product',2,'add_product'),(5,'Can change product',2,'change_product'),(6,'Can delete product',2,'delete_product'),(7,'Can add branch',3,'add_branch'),(8,'Can change branch',3,'change_branch'),(9,'Can delete branch',3,'delete_branch'),(10,'Can add manager',4,'add_manager'),(11,'Can change manager',4,'change_manager'),(12,'Can delete manager',4,'delete_manager'),(13,'Can add auto',5,'add_auto'),(14,'Can change auto',5,'change_auto'),(15,'Can delete auto',5,'delete_auto'),(16,'Can add driver',6,'add_driver'),(17,'Can change driver',6,'change_driver'),(18,'Can delete driver',6,'delete_driver'),(19,'Can add order table',7,'add_ordertable'),(20,'Can change order table',7,'change_ordertable'),(21,'Can delete order table',7,'delete_ordertable'),(22,'Can add branch product',8,'add_branchproduct'),(23,'Can change branch product',8,'change_branchproduct'),(24,'Can delete branch product',8,'delete_branchproduct'),(25,'Can add order product',9,'add_orderproduct'),(26,'Can change order product',9,'change_orderproduct'),(27,'Can delete order product',9,'delete_orderproduct'),(28,'Can add log entry',10,'add_logentry'),(29,'Can change log entry',10,'change_logentry'),(30,'Can delete log entry',10,'delete_logentry'),(31,'Can add permission',11,'add_permission'),(32,'Can change permission',11,'change_permission'),(33,'Can delete permission',11,'delete_permission'),(34,'Can add group',12,'add_group'),(35,'Can change group',12,'change_group'),(36,'Can delete group',12,'delete_group'),(37,'Can add user',13,'add_user'),(38,'Can change user',13,'change_user'),(39,'Can delete user',13,'delete_user'),(40,'Can add content type',14,'add_contenttype'),(41,'Can change content type',14,'change_contenttype'),(42,'Can delete content type',14,'delete_contenttype'),(43,'Can add session',15,'add_session'),(44,'Can change session',15,'change_session'),(45,'Can delete session',15,'delete_session');
/*!40000 ALTER TABLE `auth_permission` ENABLE KEYS */;
UNLOCK TABLES;

--
-- Table structure for table `auth_user`
--

DROP TABLE IF EXISTS `auth_user`;
/*!40101 SET @saved_cs_client     = @@character_set_client */;
/*!40101 SET character_set_client = utf8 */;
CREATE TABLE `auth_user` (
  `id` int(11) NOT NULL AUTO_INCREMENT,
  `password` varchar(128) NOT NULL,
  `last_login` datetime DEFAULT NULL,
  `is_superuser` tinyint(1) NOT NULL,
  `username` varchar(30) NOT NULL,
  `first_name` varchar(30) NOT NULL,
  `last_name` varchar(30) NOT NULL,
  `email` varchar(254) NOT NULL,
  `is_staff` tinyint(1) NOT NULL,
  `is_active` tinyint(1) NOT NULL,
  `date_joined` datetime NOT NULL,
  PRIMARY KEY (`id`),
  UNIQUE KEY `username` (`username`)
) ENGINE=InnoDB AUTO_INCREMENT=122 DEFAULT CHARSET=utf8;
/*!40101 SET character_set_client = @saved_cs_client */;

--
-- Dumping data for table `auth_user`
--

LOCK TABLES `auth_user` WRITE;
/*!40000 ALTER TABLE `auth_user` DISABLE KEYS */;
INSERT INTO `auth_user` VALUES (1,'pbkdf2_sha256$24000$Vs6kWiBwGnwd$G0wLqx+77oy0RnRioP6Je3vOij2322lY6rZhad94IJk=',NULL,1,'admin','','','',1,1,'2016-01-04 10:50:01'),(2,'pbkdf2_sha256$24000$P8grRxwCytRn$hS/k+E7WuihWw5qbVGzl2jxJVA8LWjMs0M0Dma2lak8=',NULL,0,'manager1','','','',0,1,'2016-01-04 13:52:59'),(3,'pbkdf2_sha256$24000$4JxsOKCu8zoc$XBQ4P3E7iQvz8Ay4U7bIxeev0Wr/KZUBtpxH7WoKMks=',NULL,0,'manager2','','','',0,1,'2016-01-04 13:52:59'),(4,'pbkdf2_sha256$24000$9UZe7gvDBbne$iBUgUTnpPCU6zl1G9dlaGidGOvjc2z9n6zzCkwVjA6M=',NULL,0,'manager3','','','',0,1,'2016-01-04 13:52:59'),(5,'pbkdf2_sha256$24000$wxCalbOhyK6Y$CURIPzaebKW5PyNvwmSh1mGoUTyxL2DKhD8Zp5s2cYI=',NULL,0,'manager4','','','',0,1,'2016-01-04 13:53:00'),(6,'pbkdf2_sha256$24000$WksmqPnmBYbl$cK0OrHTGWI9/qPGwJLGFnKyVIsDqARG55drKUtnnpRc=',NULL,0,'manager5','','','',0,1,'2016-01-04 13:53:00'),(7,'pbkdf2_sha256$24000$d0KoQ373nser$6RfeS+4MY2p0PkXppiuEG1vLo7kztDtSEcSkDlpaTD0=',NULL,0,'manager6','','','',0,1,'2016-01-04 13:53:00'),(8,'pbkdf2_sha256$24000$eo73xiXAr7N3$e0bHJO6isFtdPwT8d27YqkoS+4/TncvEmXTeNTQvnvY=',NULL,0,'manager7','','','',0,1,'2016-01-04 13:53:00'),(9,'pbkdf2_sha256$24000$uJv4qi154VOL$x5uLHyyHxfw56sPkmOHinRbvE53ZGbG3sluT+OyfMEU=',NULL,0,'manager8','','','',0,1,'2016-01-04 13:53:00'),(10,'pbkdf2_sha256$24000$aNFuYtA6q1uU$cX2y+U+qWDFBV0TyOYt4v7v+SizyV2EDwgXBg0ijnJI=',NULL,0,'manager9','','','',0,1,'2016-01-04 13:53:00'),(11,'pbkdf2_sha256$24000$Wyu7PFALmJEV$CkWU2TBMzmy03q8b+r3opQv7PXljWX2o/KbKGEKNbpc=',NULL,0,'manager10','','','',0,1,'2016-01-04 13:53:00'),(12,'pbkdf2_sha256$24000$aHq4qUUT6vxU$o2kaY8oPYLF9sgHlOf0ZO4XUiBfIaaYC/sdhfWwwy0M=',NULL,0,'manager11','','','',0,1,'2016-01-04 13:53:00'),(13,'pbkdf2_sha256$24000$WQyAVAaIPKah$RUTs6GATj0RanoBiv4fpWRvx84i6C59tetqfZzV6VrE=',NULL,0,'manager12','','','',0,1,'2016-01-04 13:53:01'),(14,'pbkdf2_sha256$24000$1IRV7eW2JFu0$11rmxlQfhW7ePLUbDN7T9hYbQpbRhe79Qu38LSRQP+I=',NULL,0,'manager13','','','',0,1,'2016-01-04 13:53:01'),(15,'pbkdf2_sha256$24000$l3WMX7PtZZv2$kRnKyP0jYnN9wnMNStetOS6PplKS3A9apv4RDbeZsjQ=',NULL,0,'manager14','','','',0,1,'2016-01-04 13:53:01'),(16,'pbkdf2_sha256$24000$6Kckmt9rW2u2$gstIPtOa1xGJskGe4uIptui/jvGtEKDjebS2NXbEQog=',NULL,0,'manager15','','','',0,1,'2016-01-04 13:53:01'),(17,'pbkdf2_sha256$24000$VxeQKKKnq4Xo$tW98GUlYKtqauMt6ypRA+pQG5DDCljzIyb5290w6mIo=',NULL,0,'manager16','','','',0,1,'2016-01-04 13:53:01'),(18,'pbkdf2_sha256$24000$KPQzGzCWH0D3$BFUfVnf1IlB+vccNZmlOFDFpr2J3vB+frOhlkWt4gsw=',NULL,0,'manager17','','','',0,1,'2016-01-04 13:53:01'),(19,'pbkdf2_sha256$24000$SoVwj9ldUpJ4$9ngwRZwKxhQLdN+6kpfB2qg0nKdSdxgUhO9kgXShEt0=',NULL,0,'manager18','','','',0,1,'2016-01-04 13:53:01'),(20,'pbkdf2_sha256$24000$n4kAq2fRF7G2$rVFohz/HscC1gJQOFYNM2jLgV9CJs9VLi/jyC77XGxo=',NULL,0,'manager19','','','',0,1,'2016-01-04 13:53:02'),(21,'pbkdf2_sha256$24000$KMyn33Iz0cj6$6QjXR1ZPyb1s5uRn0sHVG+Mixu6WhsPPkjvYW5xpuI0=',NULL,0,'manager20','','','',0,1,'2016-01-04 13:53:02'),(22,'pbkdf2_sha256$24000$IKs50VLGSxjP$Yizojb/q5psMnI2ZLiYYVrrM2YN70baiuueVfY+nFT0=',NULL,0,'manager21','','','',0,1,'2016-01-04 13:53:02'),(23,'pbkdf2_sha256$24000$PprX15NA4epJ$WwN6yK8BsHlqPY0NY/D86a6xkIaTPJSIlIWX5ngK8WY=',NULL,0,'manager22','','','',0,1,'2016-01-04 13:53:02'),(24,'pbkdf2_sha256$24000$JUUDyb7pveSW$al7Jh09qoXl9wbH4ZimGMKXdOZGRTReTa6lC4ObuOqw=',NULL,0,'manager23','','','',0,1,'2016-01-04 13:53:02'),(25,'pbkdf2_sha256$24000$cKORRS7xYVd9$tmaAH67dm0GAh97weR92YNIru10AlzKTCfADze/RIGM=',NULL,0,'manager24','','','',0,1,'2016-01-04 13:53:02'),(26,'pbkdf2_sha256$24000$8SWl0tFhgH1p$sQHAWAoQKlM9/Z/dbUtJZl591xTR4NwvUjc2G6Mal7g=',NULL,0,'manager25','','','',0,1,'2016-01-04 13:53:02'),(27,'pbkdf2_sha256$24000$Dpnj5ecEvaA5$iMRMI4cNWq5KV1rZyKgYcaHj+e63E93Mj6TrQEqhgcc=',NULL,0,'manager26','','','',0,1,'2016-01-04 13:53:02'),(28,'pbkdf2_sha256$24000$hR3EFyFOwKcu$VlzulKun5ax7t5t3njHDT1ypudZMTKA7JgPQpask0c0=',NULL,0,'manager27','','','',0,1,'2016-01-04 13:53:03'),(29,'pbkdf2_sha256$24000$l4KYoy6z9NJl$YTuPYJRbRFViMoQWMMQsB/DzO03nK2pA4u4oh9Io2S8=',NULL,0,'manager28','','','',0,1,'2016-01-04 13:53:03'),(30,'pbkdf2_sha256$24000$s3DEHvXvSc5Q$4pgzIMEZ/R3KZ1UXd3wK5MJhAlTG1rm8RpAiF5eKTUY=',NULL,0,'manager29','','','',0,1,'2016-01-04 13:53:03'),(31,'pbkdf2_sha256$24000$tcPHJdZfCMhl$EpWl+IGcRYMiNK5vCjzwYWR9Jzq7QE3Uk1ycnA4xdYQ=',NULL,0,'manager30','','','',0,1,'2016-01-04 13:53:03'),(32,'pbkdf2_sha256$24000$ndnitIRwU90w$kdcIre4lefhMSUOo4JwcKw9vSLI4JxB826gUBUQ48L4=',NULL,0,'manager31','','','',0,1,'2016-01-04 13:53:03'),(33,'pbkdf2_sha256$24000$oOw0iMjHvOyc$vmtSrZN+JY4koIbiIaGqNVYYqoOhr5dInOZdrEqDB7s=',NULL,0,'manager32','','','',0,1,'2016-01-04 13:53:03'),(34,'pbkdf2_sha256$24000$qCbHfVV3dgvY$UnK6zc3pzaMNBJbnwLuq1oG+9uxwD0wxo0KisV5LUJE=',NULL,0,'manager33','','','',0,1,'2016-01-04 13:53:03'),(35,'pbkdf2_sha256$24000$xhS5Kdupfsx5$WVzXXtdK3FtQFiPWDmgb4uKXVyQBkCZAn0rktnb21dU=',NULL,0,'manager34','','','',0,1,'2016-01-04 13:53:04'),(36,'pbkdf2_sha256$24000$10JkcCM1Q7uv$1G4dKt15Pd+Hdt4AWDGepidNP8mZRdJOscewVuLzp78=',NULL,0,'manager35','','','',0,1,'2016-01-04 13:53:04'),(37,'pbkdf2_sha256$24000$HeMEP5OwS2nn$cJeUgMsv6mCG63curK0LM98iZWaVvz4HEO50IK0Csuw=',NULL,0,'manager36','','','',0,1,'2016-01-04 13:53:04'),(38,'pbkdf2_sha256$24000$ZzpHWYdBaPk0$73pgmn4vV3fOJi4NvnLmekxMtmuVG0GvLn2dJ6PGHCw=',NULL,0,'manager37','','','',0,1,'2016-01-04 13:53:04'),(39,'pbkdf2_sha256$24000$qa6FO4rAqp5p$aj13hpL+WD9KP0hQvhPxKo/7ZOz1fEOMmTvzG7GnECQ=',NULL,0,'manager38','','','',0,1,'2016-01-04 13:53:04'),(40,'pbkdf2_sha256$24000$nzEHqmRsquKk$4oFBo9EA2Br7gfNfKUUvh4qiidxdvqznzoU8pgGXLL0=',NULL,0,'manager39','','','',0,1,'2016-01-04 13:53:04'),(41,'pbkdf2_sha256$24000$SSNaLlVQ6ClY$ZnnGo5D8WpoyUSxHds7o/Cx8MxO8iW4IoxE79ZzeCNk=',NULL,0,'manager40','','','',0,1,'2016-01-04 13:53:04'),(42,'pbkdf2_sha256$24000$nEUXgwWIpj73$hY6IWvm+JwS1LJzz83gMgiczwPtP5Ngld/zgrmn+zf0=',NULL,0,'manager41','','','',0,1,'2016-01-04 13:53:04'),(43,'pbkdf2_sha256$24000$tlYiLAzrNSYN$WSZ94L+bGMckw/7Cliq5/o4PdDbpejWJYXJ3MC02zpE=',NULL,0,'manager42','','','',0,1,'2016-01-04 13:53:04'),(44,'pbkdf2_sha256$24000$osNK6zsU3n5D$m/gB4Jb0/CnZeAt/rirdiQVD9/SOmU8rcjryzU9F9eE=',NULL,0,'manager43','','','',0,1,'2016-01-04 13:53:05'),(45,'pbkdf2_sha256$24000$oHcE7hpHZDxY$skH6ocIocp2U2Xrt1CQS8OfUaR/1MEzRE0sbHX/ESLk=',NULL,0,'manager44','','','',0,1,'2016-01-04 13:53:05'),(46,'pbkdf2_sha256$24000$sWbllIMU6tQS$bd/T8wdJtd0Gp1E24xitkfIssR9TYK3W9PnUcOH9Vto=',NULL,0,'manager45','','','',0,1,'2016-01-04 13:53:05'),(47,'pbkdf2_sha256$24000$5Ta3hwNyX7sI$gZnSPHfNrbU0ZTYmm+C6lajFBRswQoCcolJFBjCTkyo=',NULL,0,'manager46','','','',0,1,'2016-01-04 13:53:05'),(48,'pbkdf2_sha256$24000$NspRtrgzBdCt$m2cAZAVH09HGnIs+i1O/9+D5wSpc5gNFPYIkrwDVdnc=',NULL,0,'manager47','','','',0,1,'2016-01-04 13:53:05'),(49,'pbkdf2_sha256$24000$QL8mUBXjpngY$+pn49VmDnjhV3ShW5Zw05JnFYfPKZGxXAXMIEH3Cv0I=',NULL,0,'manager48','','','',0,1,'2016-01-04 13:53:05'),(50,'pbkdf2_sha256$24000$mQfrmZZx3pU1$ZLEag683TfSRNV0hwZ2Llm7P+a6hymi2zVmgFXX82ws=',NULL,0,'manager49','','','',0,1,'2016-01-04 13:53:05'),(51,'pbkdf2_sha256$24000$6LFcaDOIxfDa$pxduO+DasgufltSAj8CR2ZSevgaQWNwhAQKGa2vRFv4=',NULL,0,'manager50','','','',0,1,'2016-01-04 13:53:05'),(52,'pbkdf2_sha256$24000$GGLBgP2nItxj$6e4MXbMuj9Rz8aZ8e78/0geiyoJ65lKcb8XRwi+G3Kw=',NULL,0,'manager51','','','',0,1,'2016-01-04 13:53:06'),(53,'pbkdf2_sha256$24000$d13RODQgr5ga$9MqGEKyfbaJhANzbzruYhAKvEYsj3cRpelsYr7tZNMM=',NULL,0,'manager52','','','',0,1,'2016-01-04 13:53:06'),(54,'pbkdf2_sha256$24000$bsOI85umPuDJ$eoKDslUtx50slS8COfOwMGnvvRaptlDQceQTL/o/a0w=',NULL,0,'manager53','','','',0,1,'2016-01-04 13:53:06'),(55,'pbkdf2_sha256$24000$IdqMg9EM8ngy$YF4N0RGfbJqZQVA+sCtfV7Bs0+ajw7/DHEez2oFCe7U=',NULL,0,'manager54','','','',0,1,'2016-01-04 13:53:06'),(56,'pbkdf2_sha256$24000$nEE3tU9PZgms$GMY8CzSzb4HbMOB+iEP7CHl1XAvOwQdqG/+En0FLjqU=',NULL,0,'manager55','','','',0,1,'2016-01-04 13:53:06'),(57,'pbkdf2_sha256$24000$S5B0SPUjHAnV$H7yF5Bjyc2VhsVJirpF0avT60wai61xgW14wDFIKfwI=',NULL,0,'manager56','','','',0,1,'2016-01-04 13:53:06'),(58,'pbkdf2_sha256$24000$bjZjkpzqXmEv$u8/F4wNEcqKwNoblNf8NR1URAQHLqixPqzzE3zx/wJI=',NULL,0,'manager57','','','',0,1,'2016-01-04 13:53:06'),(59,'pbkdf2_sha256$24000$FHxGA6xNxA4Z$5ckHBzxw7poHR4QXyv+/+chL8sSQB4gNgPaoghdmR0I=',NULL,0,'manager58','','','',0,1,'2016-01-04 13:53:06'),(60,'pbkdf2_sha256$24000$24jePBDaZvvR$FP9U56CRJjlWirSvF/Pqt2epxCZ2IM4QTADh38eiNeg=',NULL,0,'manager59','','','',0,1,'2016-01-04 13:53:07'),(61,'pbkdf2_sha256$24000$gKExQ8uq4Pxp$ipL8wgEh9/lesUBUHkWm8jQSuDtFRT65M8DtlWPctds=',NULL,0,'manager60','','','',0,1,'2016-01-04 13:53:07'),(62,'pbkdf2_sha256$24000$MUxYPzFF3jA8$5BaKTdUXUqB++8MGZ+klvoTbkWhpUh3tpEoTMHjldlI=',NULL,0,'manager61','','','',0,1,'2016-01-04 13:53:07'),(63,'pbkdf2_sha256$24000$FIqX6ioMz2Bg$moQ++ENQVQ9s7F02NChk14Um8rqNaQBy7f2Yg+H3sCQ=',NULL,0,'manager62','','','',0,1,'2016-01-04 13:53:07'),(64,'pbkdf2_sha256$24000$14WOw1yy7Xgk$3SMMSuL2PYb0GP9mRefS8rtDoJnQmC7qCRqoi+i16Oc=',NULL,0,'manager63','','','',0,1,'2016-01-04 13:53:07'),(65,'pbkdf2_sha256$24000$4DOU89vvvgIx$Y/Cy/7ehnK/b5tf6REgvGgiUi2XX9DBSw9VuWYIHvAY=',NULL,0,'manager64','','','',0,1,'2016-01-04 13:53:07'),(66,'pbkdf2_sha256$24000$5lOtZerTSr7g$0BWOd5QrV7rl2ElQa0lAMuAT7gRSqAp0QUr3AVJxspk=',NULL,0,'manager65','','','',0,1,'2016-01-04 13:53:07'),(67,'pbkdf2_sha256$24000$c37RFGQAadZ9$rNamcDpVpsvn6i33MtDpJgS+TpF889WhdUdVuzGf7eA=',NULL,0,'manager66','','','',0,1,'2016-01-04 13:53:08'),(68,'pbkdf2_sha256$24000$jpHj521I01CA$r2deK+830gxvRE9Y5Uc826f/t/JupFKXaYk80hcIRYM=',NULL,0,'manager67','','','',0,1,'2016-01-04 13:53:08'),(69,'pbkdf2_sha256$24000$QQvkZZbVEMbs$KGniX5dt4HSYrdZkF1mF9JI+JmYSFmC2h7Df9/sQp7g=',NULL,0,'manager68','','','',0,1,'2016-01-04 13:53:08'),(70,'pbkdf2_sha256$24000$lJ88M05fdgzX$DZpGll76EUGtRGhuHHezlmbpm3Kr4dJ+bO6jjUj1A3w=',NULL,0,'manager69','','','',0,1,'2016-01-04 13:53:08'),(71,'pbkdf2_sha256$24000$ggxYzzB3mcCZ$JRGUcoPlaRPSEqnlxs0PNwKACTLmy7FkpqYXyY6vWZs=',NULL,0,'manager70','','','',0,1,'2016-01-04 13:53:08'),(72,'pbkdf2_sha256$24000$kaycEYAqMi4w$dhQs45+xLlTbuj90lrdtyzYWGBZNWdQbQpDs4smfIe4=',NULL,0,'manager71','','','',0,1,'2016-01-04 13:53:08'),(73,'pbkdf2_sha256$24000$rZTnXJoREAeE$DutlB/pRPLN+SuulpppegL22axlyCZjZM4E5z8G5io4=',NULL,0,'manager72','','','',0,1,'2016-01-04 13:53:08'),(74,'pbkdf2_sha256$24000$yqrHXKp2FE6V$wZnGa1s93iS3E/kyVT6OIVxpRvz/FTgeUjcWRoS5xbc=',NULL,0,'manager73','','','',0,1,'2016-01-04 13:53:08'),(75,'pbkdf2_sha256$24000$yWLSA8MHPTP9$j+yYJLlf7IpThJJ7AFBXtzNEw4Qa7Z5yIdF6OnlG07A=',NULL,0,'manager74','','','',0,1,'2016-01-04 13:53:09'),(76,'pbkdf2_sha256$24000$C22DJ3bOB2qu$bYIjqNg3z5jYgBXq2hx+5oy5EXB41rl2WjvrhSb+H98=',NULL,0,'manager75','','','',0,1,'2016-01-04 13:53:09'),(77,'pbkdf2_sha256$24000$KPsPKYG7c0cn$xo2KEH5bFTPpvdLknMKHRyoUTtcaH11hJdJAR85JW0c=',NULL,0,'manager76','','','',0,1,'2016-01-04 13:53:09'),(78,'pbkdf2_sha256$24000$abhPDae9ovQU$AOZ9yi/IurC2sSWa6EwTCNiFQ1wlkMAIVa3F88h9kvE=',NULL,0,'manager77','','','',0,1,'2016-01-04 13:53:09'),(79,'pbkdf2_sha256$24000$nBnYGoWeY2DC$kT3tNFrl9yytF/lOFAWvKbmOlPbd9G+cRU3oi2e8f9E=',NULL,0,'manager78','','','',0,1,'2016-01-04 13:53:09'),(80,'pbkdf2_sha256$24000$z94GgtsIiiNQ$89R06G+ugaYBY8K9uRK//MzpXPZzeRUJwdE1NtvV/HA=',NULL,0,'manager79','','','',0,1,'2016-01-04 13:53:09'),(81,'pbkdf2_sha256$24000$GiptmsTv0y9g$Hxev0CP955Ey+MGUrXIKfY8AlM+W66w1TtTU1afyjfA=',NULL,0,'manager80','','','',0,1,'2016-01-04 13:53:10'),(82,'pbkdf2_sha256$24000$5fX2HCkQ3jff$Ro/8EK2J/GmLUB5HnuP+tbVRjSwcUaamFkrmpyjuHkM=',NULL,0,'manager81','','','',0,1,'2016-01-04 13:53:10'),(83,'pbkdf2_sha256$24000$Ai6q6cOz0shR$RWKbcLV8ShWTMxcnXtxfynm0Is7pZ2Nh98NY/hjkF6s=',NULL,0,'manager82','','','',0,1,'2016-01-04 13:53:10'),(84,'pbkdf2_sha256$24000$34Q2XbZkJVkP$P38lBr7pEIZN4KsUEkMkYtx7hh+ijMo7VVUbG8rUx1c=',NULL,0,'manager83','','','',0,1,'2016-01-04 13:53:10'),(85,'pbkdf2_sha256$24000$20MN9ekzDsbP$BS5tecSMG4VNCZ+qubkqna3syyRC3HwbvsfsloCFzNQ=',NULL,0,'manager84','','','',0,1,'2016-01-04 13:53:10'),(86,'pbkdf2_sha256$24000$oz1MBLxXAGpk$OjOsBoqCdK27YcW8X83Z3gC/Ansvu8hhtAChBhmjKJ8=',NULL,0,'manager85','','','',0,1,'2016-01-04 13:53:10'),(87,'pbkdf2_sha256$24000$aPmUH92XxMmg$utsEwmWN1mN8zfAt1HH3prdSEu1iCBZQvabtbyJ8hqo=',NULL,0,'manager86','','','',0,1,'2016-01-04 13:53:10'),(88,'pbkdf2_sha256$24000$CYOqszwIN5BK$I7q7y/SPseCKq57UYpiUiM+KcKQZAQydA7Nrz0qWhnI=',NULL,0,'manager87','','','',0,1,'2016-01-04 13:53:10'),(89,'pbkdf2_sha256$24000$Q9DgegGO69VV$q14g+h+nKbdSLd/bCy40y/zOrPakO1fV3vGRrmxYYTk=',NULL,0,'manager88','','','',0,1,'2016-01-04 13:53:11'),(90,'pbkdf2_sha256$24000$Gsi30VIUndeu$IJOPAADx94INMDDt5XIYmUcpdMDU2ScUo3EMHoliO0Y=',NULL,0,'manager89','','','',0,1,'2016-01-04 13:53:11'),(91,'pbkdf2_sha256$24000$KmQrZeUhjJR9$FIPURXvRnHk39IJnThh+/HyQ6/FB/G7qPP1/X5W2gSc=',NULL,0,'manager90','','','',0,1,'2016-01-04 13:53:11'),(92,'pbkdf2_sha256$24000$LIdUteNq5KO0$z/xSFpH5McQkZVzAS/P1hxKCcHASRen2craRsVaMKIY=',NULL,0,'manager91','','','',0,1,'2016-01-04 13:53:11'),(93,'pbkdf2_sha256$24000$oauKgUGpLQXf$4FZoB70k7bhhsAciZun1x+sWoOCMnVsuNnhGpn4h08o=',NULL,0,'manager92','','','',0,1,'2016-01-04 13:53:11'),(94,'pbkdf2_sha256$24000$2YFsxJXRhK8l$Fhx4ZgOiYO7KBRwIO7wXJb1/5SBdjVTAYrqViKkstN0=',NULL,0,'manager93','','','',0,1,'2016-01-04 13:53:11'),(95,'pbkdf2_sha256$24000$BYYmRq8bUWAD$4zCp4EfvvGrD7d2A7sQqSauGbVoFLc92wx2PBvLOc2M=',NULL,0,'manager94','','','',0,1,'2016-01-04 13:53:11'),(96,'pbkdf2_sha256$24000$XaNmotw5T3QN$hG7+C9QFX+QJ86R2PzUwVxUZMdyO4kzdjW8F7SLjG64=',NULL,0,'manager95','','','',0,1,'2016-01-04 13:53:11'),(97,'pbkdf2_sha256$24000$wXFdIo6iWMNn$bSrlp3ltoTYXr6IJNL5HlBmTTeOTVyNAnF9j5gGOQpI=',NULL,0,'manager96','','','',0,1,'2016-01-04 13:53:12'),(98,'pbkdf2_sha256$24000$ptCkOKyWGOOz$VsKw7UtVZZheH8iuOUY1i+ZjYwVIqLshDRClkqkTslk=',NULL,0,'manager97','','','',0,1,'2016-01-04 13:53:12'),(99,'pbkdf2_sha256$24000$kbwP11aWSoaa$oJwcWOLcSOL3QYwWkmMNX7EasPzY4zYFXKLAUG3CzJA=',NULL,0,'manager98','','','',0,1,'2016-01-04 13:53:12'),(100,'pbkdf2_sha256$24000$fhrVMNNwygdq$1RnXIONTfG+XNpHPJCLR+Ai/baOCWOF+We+gb+42efY=',NULL,0,'manager99','','','',0,1,'2016-01-04 13:53:12'),(101,'pbkdf2_sha256$24000$lcYvHZZVDLsz$TriP1vPxifynpq02sIkh/yWWhAprlD6MXcfaOGSLJpI=',NULL,0,'manager100','','','',0,1,'2016-01-04 13:53:12'),(102,'pbkdf2_sha256$24000$uMUwVeHPz5GQ$Bs/Mk/sXJAH/VInRj6fkb9Rxk0tq/aIHs/a51fs85fY=',NULL,0,'manager101','','','',0,1,'2016-01-04 13:53:12'),(103,'pbkdf2_sha256$24000$xO89tWNVeoZx$KMqx45iL9VwGDAOudkUIpQ6YdmRVyQuFpLy2SGuW9dA=',NULL,0,'manager102','','','',0,1,'2016-01-04 13:53:12'),(104,'pbkdf2_sha256$24000$kOR8OICuLA32$h4E22ckVVYp30DO32SLv0x90Wgb7xcNjgsvsZJFUZcE=',NULL,0,'manager103','','','',0,1,'2016-01-04 13:53:13'),(105,'pbkdf2_sha256$24000$fcgZG6CIxone$hcS6gpb+TdwnlFJmUaJnwKk1B8xvdo8S1JQiVxy4TpM=',NULL,0,'manager104','','','',0,1,'2016-01-04 13:53:13'),(106,'pbkdf2_sha256$24000$zPncRDUX2F1O$4qeBXsHonsmq8lvglZ5jstgOz1Q8tVNlsNJ23YsCPn0=',NULL,0,'manager105','','','',0,1,'2016-01-04 13:53:13'),(107,'pbkdf2_sha256$24000$718857aGkO71$+FBJbh7vrdk7Q8+LdlQac0QMzUrUjpvTbvO5I5GYlaA=',NULL,0,'manager106','','','',0,1,'2016-01-04 13:53:13'),(108,'pbkdf2_sha256$24000$1FQrCiJr4hEH$0pTsLUISwAcSjL6WYQbuvM9BQO6E19VQFsRZXojJ9xg=',NULL,0,'manager107','','','',0,1,'2016-01-04 13:53:13'),(109,'pbkdf2_sha256$24000$EAVUUgslYpM5$6BlFxS2I/0BDmaJFalZUvCq1h3ro7kNrv/pjpjT3eoQ=',NULL,0,'manager108','','','',0,1,'2016-01-04 13:53:13'),(110,'pbkdf2_sha256$24000$qIHPuQM0ITPA$2kGiGvo27ZdgqFlsPxAF/jkvf4KDBA6vL97m7Ng35cA=',NULL,0,'manager109','','','',0,1,'2016-01-04 13:53:13'),(111,'pbkdf2_sha256$24000$861imtkvQAb6$KT5Ef9WioM96AzxMKpctaxr/syvNP8+ORtekBMtixVE=',NULL,0,'manager110','','','',0,1,'2016-01-04 13:53:13'),(112,'pbkdf2_sha256$24000$ritFXXw9Sb9a$STZC/mnasGVW/G3Zu/UH/9vnjWCr5jy9w3FTR/FJfDc=',NULL,0,'manager111','','','',0,1,'2016-01-04 13:53:14'),(113,'pbkdf2_sha256$24000$gt4ZiSqARELl$7KLYUc34soSgyYqeOW+rmg3J/BwAX0aiDgBl6xXLUQY=',NULL,0,'manager112','','','',0,1,'2016-01-04 13:53:14'),(114,'pbkdf2_sha256$24000$VDYBcR5v3NRB$n8womfgQYq1gwf4/FgYxIwdJhLzBH7FQ5w1tzJZV3j0=',NULL,0,'manager113','','','',0,1,'2016-01-04 13:53:14'),(115,'pbkdf2_sha256$24000$uvi4l9f3WasC$pJiL+jyDXf7ym3xiPteI+B+r30G7u+tCjHVCZ34YWXU=',NULL,0,'manager114','','','',0,1,'2016-01-04 13:53:14'),(116,'pbkdf2_sha256$24000$7Jt8qHnddcBS$fXl4ButOzAjGJRGEn8BEYM2FDS/ZANtYDEbasY1230A=',NULL,0,'manager115','','','',0,1,'2016-01-04 13:53:14'),(117,'pbkdf2_sha256$24000$8K6HXT2adtfv$JN3V71Ye+lmv8tzH3fgBgcPqYpB1EzPyRW8zOGvmeKg=',NULL,0,'manager116','','','',0,1,'2016-01-04 13:53:14'),(118,'pbkdf2_sha256$24000$vO1rinSb02dJ$hzcMqM1aSKuMCnrRXnPhOV+kwNQ4lxj3BWwIP4OLa4c=',NULL,0,'manager117','','','',0,1,'2016-01-04 13:53:14'),(119,'pbkdf2_sha256$24000$oyTdKXCjyxVQ$DRwXLl+r/M6iGbCwmXdYfN0TS+rUaqX7iyd1fmFP3SA=',NULL,0,'manager118','','','',0,1,'2016-01-04 13:53:15'),(120,'pbkdf2_sha256$24000$DSLxetCDGOOV$JTCK3S7jH63UTmxtE9X0WhwNuPdWMAGAeExQIa9HrtA=',NULL,0,'manager119','','','',0,1,'2016-01-04 13:53:15'),(121,'pbkdf2_sha256$24000$SHkhdN8WlcKE$b8XQp31cvKaLrid+7sQBlvC6R+0gczTkm9MZFSgws5U=',NULL,0,'manager120','','','',0,1,'2016-01-04 13:53:15');
/*!40000 ALTER TABLE `auth_user` ENABLE KEYS */;
UNLOCK TABLES;

--
-- Table structure for table `auth_user_groups`
--

DROP TABLE IF EXISTS `auth_user_groups`;
/*!40101 SET @saved_cs_client     = @@character_set_client */;
/*!40101 SET character_set_client = utf8 */;
CREATE TABLE `auth_user_groups` (
  `id` int(11) NOT NULL AUTO_INCREMENT,
  `user_id` int(11) NOT NULL,
  `group_id` int(11) NOT NULL,
  PRIMARY KEY (`id`),
  UNIQUE KEY `auth_user_groups_user_id_94350c0c_uniq` (`user_id`,`group_id`),
  KEY `auth_user_groups_group_id_97559544_fk_auth_group_id` (`group_id`),
  CONSTRAINT `auth_user_groups_group_id_97559544_fk_auth_group_id` FOREIGN KEY (`group_id`) REFERENCES `auth_group` (`id`),
  CONSTRAINT `auth_user_groups_user_id_6a12ed8b_fk_auth_user_id` FOREIGN KEY (`user_id`) REFERENCES `auth_user` (`id`)
) ENGINE=InnoDB DEFAULT CHARSET=utf8;
/*!40101 SET character_set_client = @saved_cs_client */;

--
-- Dumping data for table `auth_user_groups`
--

LOCK TABLES `auth_user_groups` WRITE;
/*!40000 ALTER TABLE `auth_user_groups` DISABLE KEYS */;
/*!40000 ALTER TABLE `auth_user_groups` ENABLE KEYS */;
UNLOCK TABLES;

--
-- Table structure for table `auth_user_user_permissions`
--

DROP TABLE IF EXISTS `auth_user_user_permissions`;
/*!40101 SET @saved_cs_client     = @@character_set_client */;
/*!40101 SET character_set_client = utf8 */;
CREATE TABLE `auth_user_user_permissions` (
  `id` int(11) NOT NULL AUTO_INCREMENT,
  `user_id` int(11) NOT NULL,
  `permission_id` int(11) NOT NULL,
  PRIMARY KEY (`id`),
  UNIQUE KEY `auth_user_user_permissions_user_id_14a6b632_uniq` (`user_id`,`permission_id`),
  KEY `auth_user_user_perm_permission_id_1fbb5f2c_fk_auth_permission_id` (`permission_id`),
  CONSTRAINT `auth_user_user_perm_permission_id_1fbb5f2c_fk_auth_permission_id` FOREIGN KEY (`permission_id`) REFERENCES `auth_permission` (`id`),
  CONSTRAINT `auth_user_user_permissions_user_id_a95ead1b_fk_auth_user_id` FOREIGN KEY (`user_id`) REFERENCES `auth_user` (`id`)
) ENGINE=InnoDB DEFAULT CHARSET=utf8;
/*!40101 SET character_set_client = @saved_cs_client */;

--
-- Dumping data for table `auth_user_user_permissions`
--

LOCK TABLES `auth_user_user_permissions` WRITE;
/*!40000 ALTER TABLE `auth_user_user_permissions` DISABLE KEYS */;
/*!40000 ALTER TABLE `auth_user_user_permissions` ENABLE KEYS */;
UNLOCK TABLES;

--
-- Table structure for table `django_admin_log`
--

DROP TABLE IF EXISTS `django_admin_log`;
/*!40101 SET @saved_cs_client     = @@character_set_client */;
/*!40101 SET character_set_client = utf8 */;
CREATE TABLE `django_admin_log` (
  `id` int(11) NOT NULL AUTO_INCREMENT,
  `action_time` datetime NOT NULL,
  `object_id` longtext,
  `object_repr` varchar(200) NOT NULL,
  `action_flag` smallint(5) unsigned NOT NULL,
  `change_message` longtext NOT NULL,
  `content_type_id` int(11) DEFAULT NULL,
  `user_id` int(11) NOT NULL,
  PRIMARY KEY (`id`),
  KEY `django_admin__content_type_id_c4bce8eb_fk_django_content_type_id` (`content_type_id`),
  KEY `django_admin_log_user_id_c564eba6_fk_auth_user_id` (`user_id`),
  CONSTRAINT `django_admin_log_user_id_c564eba6_fk_auth_user_id` FOREIGN KEY (`user_id`) REFERENCES `auth_user` (`id`),
  CONSTRAINT `django_admin__content_type_id_c4bce8eb_fk_django_content_type_id` FOREIGN KEY (`content_type_id`) REFERENCES `django_content_type` (`id`)
) ENGINE=InnoDB DEFAULT CHARSET=utf8;
/*!40101 SET character_set_client = @saved_cs_client */;

--
-- Dumping data for table `django_admin_log`
--

LOCK TABLES `django_admin_log` WRITE;
/*!40000 ALTER TABLE `django_admin_log` DISABLE KEYS */;
/*!40000 ALTER TABLE `django_admin_log` ENABLE KEYS */;
UNLOCK TABLES;

--
-- Table structure for table `django_content_type`
--

DROP TABLE IF EXISTS `django_content_type`;
/*!40101 SET @saved_cs_client     = @@character_set_client */;
/*!40101 SET character_set_client = utf8 */;
CREATE TABLE `django_content_type` (
  `id` int(11) NOT NULL AUTO_INCREMENT,
  `app_label` varchar(100) NOT NULL,
  `model` varchar(100) NOT NULL,
  PRIMARY KEY (`id`),
  UNIQUE KEY `django_content_type_app_label_76bd3d3b_uniq` (`app_label`,`model`)
) ENGINE=InnoDB AUTO_INCREMENT=16 DEFAULT CHARSET=utf8;
/*!40101 SET character_set_client = @saved_cs_client */;

--
-- Dumping data for table `django_content_type`
--

LOCK TABLES `django_content_type` WRITE;
/*!40000 ALTER TABLE `django_content_type` DISABLE KEYS */;
INSERT INTO `django_content_type` VALUES (10,'admin','logentry'),(12,'auth','group'),(11,'auth','permission'),(13,'auth','user'),(14,'contenttypes','contenttype'),(15,'sessions','session'),(5,'StorageS','auto'),(3,'StorageS','branch'),(8,'StorageS','branchproduct'),(1,'StorageS','client'),(6,'StorageS','driver'),(4,'StorageS','manager'),(9,'StorageS','orderproduct'),(7,'StorageS','ordertable'),(2,'StorageS','product');
/*!40000 ALTER TABLE `django_content_type` ENABLE KEYS */;
UNLOCK TABLES;

--
-- Table structure for table `django_migrations`
--

DROP TABLE IF EXISTS `django_migrations`;
/*!40101 SET @saved_cs_client     = @@character_set_client */;
/*!40101 SET character_set_client = utf8 */;
CREATE TABLE `django_migrations` (
  `id` int(11) NOT NULL AUTO_INCREMENT,
  `app` varchar(255) NOT NULL,
  `name` varchar(255) NOT NULL,
  `applied` datetime NOT NULL,
  PRIMARY KEY (`id`)
) ENGINE=InnoDB AUTO_INCREMENT=17 DEFAULT CHARSET=utf8;
/*!40101 SET character_set_client = @saved_cs_client */;

--
-- Dumping data for table `django_migrations`
--

LOCK TABLES `django_migrations` WRITE;
/*!40000 ALTER TABLE `django_migrations` DISABLE KEYS */;
INSERT INTO `django_migrations` VALUES (1,'contenttypes','0001_initial','2016-01-04 10:44:59'),(2,'auth','0001_initial','2016-01-04 10:45:02'),(3,'admin','0001_initial','2016-01-04 10:45:03'),(4,'admin','0002_logentry_remove_auto_add','2016-01-04 10:45:03'),(5,'contenttypes','0002_remove_content_type_name','2016-01-04 10:45:04'),(6,'auth','0002_alter_permission_name_max_length','2016-01-04 10:45:04'),(7,'auth','0003_alter_user_email_max_length','2016-01-04 10:45:04'),(8,'auth','0004_alter_user_username_opts','2016-01-04 10:45:04'),(9,'auth','0005_alter_user_last_login_null','2016-01-04 10:45:04'),(10,'auth','0006_require_contenttypes_0002','2016-01-04 10:45:04'),(11,'auth','0007_alter_validators_add_error_messages','2016-01-04 10:45:05'),(12,'sessions','0001_initial','2016-01-04 10:45:05'),(13,'StorageS','0001_initial','2016-01-04 10:46:38'),(14,'StorageS','0002_manager_user_id','2016-01-04 10:49:10'),(15,'StorageS','0003_auto_20160104_1354','2016-01-04 10:56:20'),(16,'StorageS','0004_auto_20160104_1358','2016-01-04 10:58:29');
/*!40000 ALTER TABLE `django_migrations` ENABLE KEYS */;
UNLOCK TABLES;

--
-- Table structure for table `django_session`
--

DROP TABLE IF EXISTS `django_session`;
/*!40101 SET @saved_cs_client     = @@character_set_client */;
/*!40101 SET character_set_client = utf8 */;
CREATE TABLE `django_session` (
  `session_key` varchar(40) NOT NULL,
  `session_data` longtext NOT NULL,
  `expire_date` datetime NOT NULL,
  PRIMARY KEY (`session_key`),
  KEY `django_session_de54fa62` (`expire_date`)
) ENGINE=InnoDB DEFAULT CHARSET=utf8;
/*!40101 SET character_set_client = @saved_cs_client */;

--
-- Dumping data for table `django_session`
--

LOCK TABLES `django_session` WRITE;
/*!40000 ALTER TABLE `django_session` DISABLE KEYS */;
/*!40000 ALTER TABLE `django_session` ENABLE KEYS */;
UNLOCK TABLES;
/*!40103 SET TIME_ZONE=@OLD_TIME_ZONE */;

/*!40101 SET SQL_MODE=@OLD_SQL_MODE */;
/*!40014 SET FOREIGN_KEY_CHECKS=@OLD_FOREIGN_KEY_CHECKS */;
/*!40014 SET UNIQUE_CHECKS=@OLD_UNIQUE_CHECKS */;
/*!40101 SET CHARACTER_SET_CLIENT=@OLD_CHARACTER_SET_CLIENT */;
/*!40101 SET CHARACTER_SET_RESULTS=@OLD_CHARACTER_SET_RESULTS */;
/*!40101 SET COLLATION_CONNECTION=@OLD_COLLATION_CONNECTION */;
/*!40111 SET SQL_NOTES=@OLD_SQL_NOTES */;

-- Dump completed on 2016-01-04 14:00:39
